,10959,14130,14669
X.Anaerorhabdus..furcosa.group,0.0,0.0,-2.6814442
X.Aquaspirillum..polymorphum.group,-0.1826523,0.0,0.0
X.Bacteroides..pectinophilus.group,-4.611876,-3.1539218,0.0
X.Clostridium..innocuum.group,3.0809722,3.2048798,2.5620487
X.Eubacterium..brachy.group,2.964203,0.18454945,-1.5358291
X.Eubacterium..eligens.group,-0.15283743,0.4346864,0.577434
X.Eubacterium..fissicatena.group,1.0201833,0.07283133,-1.7566404
X.Eubacterium..hallii.group,-0.43981922,0.48092362,-0.8487321
X.Eubacterium..nodatum.group,2.7850661,0.22845283,-1.811524
X.Eubacterium..oxidoreducens.group,-4.0498896,0.0,-1.7778124
X.Eubacterium..ruminantium.group,-0.29829568,1.0884476,0.992951
X.Eubacterium..saphenum.group,-1.8584253,0.0,0.0
X.Eubacterium..siraeum.group,0.51334363,1.4084989,1.1703035
X.Eubacterium..ventriosum.group,1.8933755,2.2249365,1.7739714
X.Eubacterium..xylanophilum.group,-0.49679545,1.399915,-0.6339511
X.Ruminococcus..gauvreauii.group,0.7272484,2.2403069,1.2259943
X.Ruminococcus..gnavus.group,1.2534046,0.62926424,1.1247921
X.Ruminococcus..torques.group,0.81487036,0.78399163,0.8940994
X28.4,-2.5687745,0.0,0.0
A2,-1.3622001,0.0,0.0
Abiotrophia,-1.7547123,-0.86213213,0.0
Acetanaerobacterium,3.360651,0.745704,-1.1205622
Acetatifactor,-1.0826292,0.0,0.0
Acetobacter,2.3625486,-1.167434,0.0
Achromobacter,-2.1920612,0.0,-3.9576468
Acidaminococcus,3.3534584,0.032184754,1.92651
Acidibacter,-1.0672191,0.0,0.0
Acinetobacter,1.4433472,1.5851753,2.207078
Actimicrobium,0.0,0.0,-3.2589686
Actinobacillus,-0.34007293,-0.5523415,0.0
Actinomyces,0.38504976,0.3001307,-1.7149175
Adlercreutzia,4.190737,0.2688328,-1.6018862
ADurb.Bin063.1,1.2983327,-1.4566743,0.0
Aeribacillus,-1.8715926,0.0,0.0
Aerococcus,-1.9759326,0.0,-2.9764943
Aeromonas,-2.3335598,0.0,-3.476085
Aerosphaera,-0.955977,0.0,-3.6311362
Agathobacter,0.4558722,1.2414967,0.86308825
Aggregatibacter,1.856216,1.3067102,2.3223946
Akkermansia,-0.2974908,-0.83408237,-0.42153513
Alcaligenes,0.59826183,0.0,0.0
Alishewanella,1.2638358,0.0,0.0
Alistipes,0.1336487,-0.6118659,-0.29278314
Alkanibacter,-0.034702107,0.0,0.0
Allisonella,2.9892354,2.4936452,5.0581474
Allobaculum,-2.3343763,0.0,0.0
Alloprevotella,-1.3259969,0.089028224,2.2349036
Allorhizobium.Neorhizobium.Pararhizobium.Rhizobium,0.0,0.0,-1.3649857
Alloscardovia,0.0,-1.8544316,-2.5275025
alphaI.cluster,-0.18835913,0.0,0.0
Anaerobiospirillum,-2.0244222,0.0,0.0
Anaerococcus,-0.008780562,0.0,-4.2427235
Anaerofilum,1.7429627,-0.7532891,-1.3723874
Anaerofustis,1.9019995,-0.15225528,-0.45318672
Anaeroglobus,-0.21506134,-3.264949,0.0
Anaerolineaceae.UCG.001,0.0,-1.545001,0.0
Anaeromyxobacter,-0.13315685,0.0,0.0
Anaeroplasma,-4.7054944,-2.4284496,0.0
Anaerosphaera,-2.425788,-1.7691861,0.0
Anaerosporobacter,-2.5150886,0.0,-3.9666536
Anaerostignum,1.0819741,-1.2380235,0.4620463
Anaerostipes,0.07463174,0.17474392,-0.49625242
Anaerotruncus,3.1904185,-0.09826626,-0.6714577
Anaerovibrio,-4.900778,0.0,0.0
Anaerovorax,2.9146123,-0.17038015,0.61538917
Angelakisella,1.6281387,0.7158844,0.6897117
Anoxybacillus,1.7462097,0.0,0.0
Aquabacterium,-3.767522,0.0,0.0
Aquamonas,-0.11801565,0.0,0.0
Aquicella,-0.25530612,0.0,0.0
Arcanobacterium,-1.6509894,0.0,-3.6686041
Arcobacter,0.53463155,-2.336641,0.0
Asaccharospora,-2.1427438,0.0,-1.9461937
ASF356,1.1121995,0.0,0.0
Asteroleplasma,-3.9760172,-3.8964667,0.0
Asticcacaulis,-0.50719,0.0,0.0
Atlantibacter,-1.7024825,0.0,0.0
Atopobium,-2.6363835,0.0,-4.2596674
Azospira,-3.4844377,0.0,0.0
Bacillus,2.435445,0.0,-4.140024
Bacteriovorax,-0.7165521,0.0,0.0
Bacteroides,0.6551314,0.41136506,0.8122754
Barnesiella,0.25569785,-0.4728538,-0.47836164
Basfia,2.220217,0.0,0.0
Bdellovibrio,0.3803168,0.0,0.0
Bifidobacterium,0.36144632,-0.38019416,-0.30840525
Bilophila,0.28170148,-0.3947595,0.5524797
Blastococcus,-1.0843562,0.0,0.0
Blastomonas,-1.9901032,0.0,0.0
Blautia,0.396168,0.6979564,0.4242628
Bosea,-0.6760033,0.0,-3.3011622
Brachybacterium,-0.4913568,0.0,0.0
Brachyspira,0.018281696,0.0,0.0
Bradyrhizobium,-2.5437682,-1.4054779,0.0
Brevibacterium,4.035255,3.5464618,1.6016489
Brevundimonas,-1.5400221,0.0,-3.6603367
Breznakia,-1.6910359,0.0,0.0
Brucella,-1.3885857,0.0,-4.111741
Bryobacter,0.06802297,0.0,0.0
Bulleidia,1.6521715,0.0,0.0
Burkholderia.Caballeronia.Paraburkholderia,-2.229615,0.0,-1.8651985
Butyricicoccus,-0.5597398,-0.97102535,-0.9393073
Butyricimonas,1.4438971,0.13487045,1.5055732
Butyrivibrio,-4.719356,0.0,0.0
CAG.352,0.5312871,2.0325067,1.2147734
CAG.56,1.4641647,1.9047973,2.4730687
CAG.873,-4.1977043,0.0,0.0
Caldicellulosiruptor,-2.4844406,0.0,0.0
Campylobacter,2.8940244,2.5092993,2.414968
Candidatus.Arthromitus,-1.5684255,0.0,0.0
Candidatus.Methanogranum,-3.8520322,0.0,-3.5953083
Candidatus.Methanomethylophilus,-0.04831521,0.0,0.0
Candidatus.Nitrosotenuis,-0.34309995,0.0,0.0
Candidatus.Omnitrophus,-0.32710615,0.0,0.0
Candidatus.Saccharimonas,-3.5531962,0.0,0.0
Candidatus.Soleaferrea,0.12773733,0.2628594,-0.08233292
Candidatus.Solibacter,0.11139224,0.0,0.0
Candidatus.Stoquefichus,1.880917,0.56375736,-0.7208455
Caproiciproducens,-0.15363006,0.0,-1.9508921
Cardiobacterium,-3.3399727,0.0,-3.0702481
Carnobacterium,-2.7790887,0.0,0.0
Caryophanon,0.0,0.0,-1.589144
Catabacter,3.5636246,-0.23335479,-1.0880154
Catellicoccus,-1.7333345,0.0,0.0
Catenibacillus,1.533003,0.32773167,-1.0325297
Catenibacterium,-1.5604452,1.6578472,0.7649995
Catenisphaera,2.1014068,0.0,0.0
Caulobacter,-3.008587,0.0,0.0
Cellulosilyticum,-2.5875885,0.0,0.0
Cellulosimicrobium,0.0,0.0,-4.075913
Cenarchaeum,-1.4452285,0.0,0.0
Centipeda,0.0,-1.670906,0.0
Cetobacterium,-1.9946045,0.0,0.0
Chania,-1.5002784,0.0,0.0
CHKCI001,1.3227108,-1.5590086,-2.085675
CHKCI002,2.6755683,0.8869316,1.5142576
Christensenella,1.288287,-2.4067318,-2.5229897
Christensenellaceae.R.7.group,-0.98666465,-0.07967322,-0.31343994
Chryseobacterium,-1.7822207,0.0,0.0
Chthoniobacter,-0.9632394,0.0,0.0
Citricoccus,-0.79238355,0.0,0.0
Citrobacter,-1.1905409,2.115633,-2.537042
Cloacibacillus,1.1933688,-1.749965,1.7388284
Clostridioides,-0.6221865,-0.63323385,2.300223
Clostridium.sensu.stricto.1,0.30729833,1.6534549,0.9687486
Clostridium.sensu.stricto.13,0.28611618,0.1582074,0.29074958
Clostridium.sensu.stricto.2,0.0,-2.5782382,0.0
Clostridium.sensu.stricto.3,-1.2812325,0.0,0.0
Clostridium.sensu.stricto.4,-3.617491,0.0,0.0
Clostridium.sensu.stricto.5,0.7817753,0.0,0.0
Clostridium.sensu.stricto.7,1.6685581,0.0,0.0
Colidextribacter,-0.16820174,-0.5120289,-0.23342077
Collinsella,1.0719119,0.93802685,0.7723792
Comamonas,0.8191926,0.0,0.0
Conservatibacter,0.5935837,-0.44340956,4.6125
Coprobacillus,0.117919065,-0.22745997,0.40269902
Coprobacter,1.3618019,-0.97205687,0.63959384
Coprococcus,0.9351261,1.4026519,1.6082492
Coriobacteriaceae.UCG.002,0.0,-2.2926013,0.0
Corynebacterium,1.328462,2.0596287,-1.7796367
Cosenzaea,1.5057309,-1.1749736,0.0
Coxiella,-0.24527638,0.0,0.0
Criibacterium,0.0,0.0,-3.7939832
Cronobacter,-2.000191,0.0,0.0
Cryptobacterium,0.0,-1.751279,0.0
Cuneatibacter,-1.7030921,0.0,0.0
Cupriavidus,1.9247577,0.0,0.0
Curtobacterium,0.03925736,0.0,0.0
Curvibacter,0.8735323,-0.9137587,0.0
Cutibacterium,0.0,-1.8499504,0.0
Defluviicoccus,0.11139224,0.0,0.0
Defluviitaleaceae.UCG.011,-0.33701593,0.79279,-1.1012276
Deinococcus,0.41919133,0.0,0.0
Delftia,0.0,0.0,-3.808506
Dellaglioa,0.0,0.0,-2.5475693
Denitratisoma,-0.08054689,0.0,0.0
Denitrobacterium,-3.6441464,0.0,0.0
Dermabacter,0.106778845,0.0,-2.2641284
Dermatophilus,-2.3794396,0.0,0.0
Desulfovibrio,0.06935838,-0.10297934,1.3578968
DEV114,-2.1787415,0.0,0.0
dgA.11.gut.group,-0.58179027,0.0,0.0
Dialister,0.21330982,1.1801915,0.5390393
Dielma,3.0391796,1.0009283,0.28950626
Diplorickettsia,-1.7869196,0.0,0.0
DNF00809,0.7731047,0.0,-2.1516805
Dolosigranulum,-1.5014279,0.0,0.0
Dorea,-0.9979314,-0.33456802,-0.45656028
DSSD61,-0.30845207,0.0,0.0
DTU089,2.3042247,-0.56050605,-1.5733495
Dysgonomonas,-1.4068699,0.0,-4.196827
Edaphobaculum,-0.08054689,0.0,0.0
Eggerthella,2.648364,1.1591864,-1.1189936
Eggerthia,1.989425,0.0,0.0
Eikenella,-1.1962078,0.0,0.0
Eisenbergiella,3.5070968,1.1320025,1.0618577
Elusimicrobium,0.15547767,1.6647091,2.5913684
Empedobacter,-1.2911016,0.0,0.0
Endozoicomonas,-3.0723038,0.0,0.0
Enhydrobacter,-1.7043902,0.0,0.0
Enorma,0.0,-3.9596035,0.0
Enterobacter,-3.441493,0.0,0.0
Enterococcus,0.10381215,3.040578,-1.1222594
Enterorhabdus,-4.6027746,0.0,-3.984809
Epulopiscium,4.221439,0.5986098,5.3385677
Eremococcus,0.34504712,0.0,0.51594335
Erysipelatoclostridium,0.17321986,0.80397695,-0.16660833
Erysipelotrichaceae.UCG.003,0.070216686,0.29202506,0.16048566
Erysipelotrichaceae.UCG.006,2.7762856,4.871992,3.9926984
Escherichia.Shigella,0.37578273,0.91082186,0.9674605
Eubacterium,4.729621,2.5517051,3.1973052
Extensimonas,-0.19050775,0.0,0.0
Ezakiella,2.0349126,1.8540351,-1.6157637
F0332,0.0,0.0,-3.082152
Facklamia,-1.557216,0.0,-0.5642008
Faecalibacterium,-0.14009598,0.10900881,0.2923841
Faecalibaculum,0.5104063,0.0,0.0
Faecalicoccus,3.8994455,-0.31085607,-0.31480598
Faecalitalea,2.2860427,-0.095018335,-0.91709083
Falsochrobactrum,-2.3858855,0.0,-4.1019053
Family.XIII.AD3011.group,0.11930133,0.5724314,0.12629616
Family.XIII.UCG.001,1.3135602,1.1612743,1.0279285
Fastidiosipila,-2.1286542,0.0,-3.2051075
FD2005,-3.179862,0.0,0.0
Fenollaria,1.2003589,1.5791211,-1.1831492
Fibrobacter,-2.4847786,0.0,0.0
Filifactor,-1.4156122,0.0,0.0
Finegoldia,0.24810922,0.0,-4.2605567
Flavobacterium,-1.9578214,0.0,0.0
Flavonifractor,2.5724232,0.77962124,1.1409135
Flectobacillus,-0.6736927,0.0,0.0
Flexilinea,-1.6671062,0.0,0.0
Fluviicola,1.7310761,0.0,0.0
Fournierella,-1.5782696,1.9885263,0.6758414
Franconibacter,-2.0344267,0.0,0.0
Fretibacterium,0.0,-3.2136724,0.0
Frisingicoccus,2.441112,-0.8895083,-1.7469587
Fructobacillus,-1.9321171,0.0,0.0
Fusicatenibacter,0.4913914,0.6797299,0.34600326
Fusobacterium,0.9771797,-1.3909773,1.6505336
Ga0074140,-0.14937994,0.0,0.0
Gallicola,1.5324471,0.0,-3.766863
Garciella,-2.464102,0.0,0.0
Gardnerella,-0.44466385,0.0,-1.0889465
GCA.900066575,-0.4924723,0.29994527,0.21887152
GCA.900066755,1.7747557,-0.8571425,-1.3929216
Gemella,2.387674,2.0948758,2.9488919
Gemmobacter,-0.28505608,0.0,0.0
Geobacillus,-4.84922,0.0,0.0
Globicatella,-0.12264457,0.0,0.0
Gluconacetobacter,-1.5561004,0.0,0.0
Glutamicibacter,1.3875192,0.0,0.0
Gordonia,0.0,0.0,-1.1883781
Gordonibacter,2.93115,1.5359,-1.4832549
Granulicatella,-3.818182,0.0,-3.950687
H1,1.8819553,0.0,0.0
Haematobacter,0.41377494,0.0,0.0
Haemophilus,-0.11970303,-0.08804916,1.046278
Hafnia.Obesumbacterium,0.0,-3.017014,-2.8213558
Haliangium,-0.14937994,0.0,0.0
Harryflintia,2.3047357,-0.6829889,-1.5876647
Helcococcus,1.1697394,0.0,-1.8173796
Helicobacter,-0.48466545,0.0,0.0
Herbinix,-2.1790984,0.0,0.0
Hespellia,0.7054721,1.5849384,0.37809592
hgcI.clade,0.06802297,0.0,0.0
Hirschia,-0.14152546,0.0,0.0
Holdemanella,-1.4272923,-0.06989344,0.6358462
Holdemania,2.3477747,1.614394,0.2909668
Howardella,-0.8360717,-0.62206775,0.8136076
HT002,3.7602484,2.4831164,1.430047
Hungatella,1.836636,0.51731193,2.1345947
Hyphomicrobium,0.88294023,0.0,0.0
Ideonella,0.1724684,0.0,0.0
Incertae.Sedis,1.0187546,-0.25105333,-0.5221709
Inhella,-0.066930264,0.0,0.0
Intestinibacter,-1.3396868,0.7405839,-0.9123954
Intestinimonas,0.2531257,-0.9960952,-1.0516621
Jeotgalicoccus,-0.14581904,0.0,0.0
Johnsonella,-0.80496264,0.0,0.0
Jonquetella,0.0,0.0,-4.0582733
Ketogulonicigenium,-1.5014279,0.0,0.0
Kineosphaera,-0.13315685,0.0,0.0
Klebsiella,0.011795675,0.24552807,1.3317091
Knoellia,0.024277227,0.0,0.0
Kocuria,0.6948037,0.0,-3.4963844
Kosakonia,-0.9112804,0.0,0.0
Kurthia,-3.1574454,0.0,0.0
Kytococcus,1.7724646,0.0,0.0
Lachnoanaerobaculum,-1.8847368,0.0,-0.88502973
Lachnoclostridium,1.270311,1.2096434,1.6580288
Lachnospira,2.0957766,2.2064006,2.3911684
Lachnospiraceae.AC2044.group,-4.722009,-3.094901,0.0
Lachnospiraceae.FCS020.group,-0.35917905,0.73720795,0.2683935
Lachnospiraceae.FE2018.group,3.1450691,-0.17329061,2.4061687
Lachnospiraceae.NC2004.group,-3.0278223,0.0,-4.395437
Lachnospiraceae.ND3007.group,-1.0672734,-0.045714024,-0.4858837
Lachnospiraceae.NK3A20.group,-2.751857,0.0,0.0
Lachnospiraceae.NK4A136.group,0.2499454,0.71819854,0.7941608
Lachnospiraceae.NK4B4.group,-4.908578,0.0,-4.149696
Lachnospiraceae.UCG.001,0.98490876,3.215532,1.4744649
Lachnospiraceae.UCG.002,-2.2433002,0.0,0.0
Lachnospiraceae.UCG.003,-1.1438138,0.91890764,0.5039876
Lachnospiraceae.UCG.004,-0.6691681,-0.05815284,0.2529742
Lachnospiraceae.UCG.007,-4.978557,0.0,-1.8314345
Lachnospiraceae.UCG.008,-2.7344234,0.0,0.0
Lachnospiraceae.UCG.009,2.3789043,4.7152543,0.9221372
Lachnospiraceae.UCG.010,0.5004214,-0.35269853,0.67936724
Lachnotalea,1.6561198,0.0,0.0
Lacibacter,-0.3304913,0.0,0.0
Lacticaseibacillus,4.788698,-1.0529815,-3.2153547
Lactiplantibacillus,-1.2431037,0.0,-4.321074
Lactobacillus,1.3774163,-0.49422204,-1.169458
Lactococcus,2.862304,5.182658,2.7548447
Lactonifactor,3.9800813,3.9354756,0.16376889
Lacunisphaera,0.06802297,0.0,0.0
Lapidilactobacillus,0.0,-0.20406252,0.0
Laribacter,-3.6961086,0.0,0.0
Latilactobacillus,0.0,0.0,-4.3149195
Lautropia,-0.087808385,0.0,0.0
Lawsonella,-0.16538318,0.0,-4.274597
Legionella,-0.051771577,0.0,0.0
Leminorella,-1.3794556,0.0,0.0
Lentimicrobium,0.0,-2.4917228,0.0
Leptolinea,-0.24527638,0.0,0.0
Leptotrichia,-1.881112,-2.8854084,0.0
Leucobacter,-0.89009976,0.0,-3.7967088
Leuconostoc,-1.5770669,1.1550136,0.10822016
Levilactobacillus,0.0,0.0,-2.958799
Libanicoccus,-3.8640454,0.0,0.0
Ligilactobacillus,-0.42382812,0.77262235,2.7350078
Limnohabitans,0.27329963,0.0,0.0
Limosilactobacillus,-0.12156528,-2.7834918,-1.2936202
Liquorilactobacillus,2.4587398,0.0,0.0
LNR.A2.18,0.0,-2.2689757,0.0
Luteimonas,0.043187607,0.0,0.0
Luteolibacter,-1.5684255,0.0,0.0
Lysinibacillus,1.4357811,0.0,0.0
Macellibacteroides,-1.5331215,0.0,0.0
Mageeibacillus,-3.680642,0.0,0.0
Magnetospirillum,-0.08054689,0.0,0.0
Mailhella,-3.5081453,-4.732903,0.0
Mangrovibacter,0.3573643,0.0,0.0
Mannheimia,-2.0808914,0.0,0.0
Marvinbryantia,-0.09970086,1.2308674,0.5025681
Massilia,0.0,-1.545001,0.0
Megamonas,-3.9164295,-4.58714,0.0
Megasphaera,-1.4405272,-2.5748017,6.296064
Meiothermus,-3.4776556,0.0,0.0
Merdibacter,1.4614769,0.5457932,-0.87077856
Methanobacterium,0.0,0.0,-1.8611456
Methanobrevibacter,0.10171681,1.9285091,-0.92665637
Methanomassiliicoccus,-2.4315128,0.0,0.0
Methanosaeta,0.0,-3.3799274,0.0
Methanosphaera,-4.554753,0.0,0.0
Methylobacterium.Methylorubrum,-2.3966115,0.0,0.0
Methylomonas,-0.18835913,0.0,0.0
Methyloversatilis,0.27329963,0.0,0.0
Microbacterium,-1.4785732,0.0,-0.77121407
Micrococcus,3.3643599,2.1460757,1.16703
Microvirga,-1.5331215,0.0,0.0
Mitsuokella,-4.3980813,-3.7345724,0.0
Mobiluncus,1.839038,0.0,-3.7057693
Moellerella,0.79218376,0.0,0.0
Mogibacterium,0.056039993,1.2537163,0.15660198
Monoglobus,0.7333743,0.99454755,0.3075844
Moraxella,-1.4852191,0.0,0.0
Morganella,1.3683503,0.98896724,1.2807443
Moryella,-1.5443095,0.0,-2.13548
Murdochiella,-1.2059592,0.0,-4.310162
Muribaculum,0.54229796,0.0,-3.008502
Murimonas,-1.2012576,0.0,0.059598632
Mycobacterium,-1.5979238,0.0,0.79950225
Mycoplasma,-2.783053,0.0,0.0
Myroides,-0.8705333,0.0,0.0
Necropsobacter,0.6557888,0.0,0.0
Negativibacillus,1.6777056,1.8064494,2.0543628
Negativicoccus,-0.1943332,0.0,-3.7922692
Neisseria,2.1549087,1.9084301,4.4564757
Neorhizobium,0.0,0.0,-3.2419186
Nitrospira,0.1724684,0.0,0.0
NK4A214.group,1.1919628,1.0730985,1.3781716
Nocardiopsis,0.31071338,0.0,0.0
Noviherbaspirillum,-0.24871418,0.0,0.0
Novosphingobium,-1.6288248,0.0,0.0
Oceanivirga,-1.782315,0.0,0.0
Oceanobacillus,0.0,0.0,-4.335652
Odoribacter,-0.27192208,-0.9272272,-0.42963272
OLB12,-0.08054689,0.0,0.0
Oligella,-0.6138709,0.0,0.0
Olsenella,4.3025417,-0.15474856,1.925155
Oribacterium,0.48526064,3.2279882,3.0496716
Oscillibacter,1.3284817,0.23735964,0.5078448
Oscillospira,1.6575685,-0.83285004,-0.2755578
Ottowia,-1.9621165,0.0,0.0
Oxalicibacterium,-1.5735716,0.0,0.0
Oxalobacter,0.023582125,0.61092716,0.11093991
Paenarthrobacter,-3.6621373,0.0,0.0
Paenibacillus,-0.34015167,0.0,-4.143375
Paeniclostridium,4.53301,1.9410098,6.6392913
Paenisporosarcina,0.0,0.0,-4.008077
Paludicola,-0.23185822,0.5212933,0.5260492
Papillibacter,2.564488,1.3094546,-1.2934849
Parabacteroides,0.8765158,0.57499325,1.0139468
Paraclostridium,1.5085958,-1.071657,0.0
Paracoccus,-1.0111622,0.0,0.0
Paraeggerthella,-1.46639,0.0,0.0
Paraprevotella,0.37038782,0.19687797,0.7674037
Parapusillimonas,1.681254,0.0,0.0
Parasutterella,3.349933,2.5080097,2.731035
Parvibacter,3.123109,0.0,0.10791471
Parvimonas,3.752369,3.7837532,4.727229
Paucilactobacillus,1.1551814,0.0,0.0
Pediococcus,2.2868364,0.0,0.0
Pedobacter,-1.7102867,0.0,0.0
Pedomicrobium,-3.2752438,0.0,0.0
Pelomonas,2.3491654,0.0,-3.5186198
Peptoclostridium,-2.5327117,0.0,0.0
Peptococcus,2.021722,1.8615834,1.8447096
Peptoniphilus,-1.448676,0.0,-4.270319
Peptostreptococcus,1.3759081,0.68526024,1.5909454
Perlucidibaca,-0.47535834,0.0,0.0
Phascolarctobacterium,-0.2766769,-0.99326485,0.89393204
Phocaeicola,0.06335453,0.0,0.0
Phocea,1.9434282,-0.4377066,-0.9036291
Photobacterium,0.019909516,0.0,0.0
Phreatobacter,-2.5406885,0.0,-0.7010855
Phyllobacterium,0.0,0.0,-2.2539668
Piscinibacter,-0.23808534,0.0,0.0
Pleomorphomonas,-0.26154873,0.0,0.0
Plesiomonas,-1.175204,0.0,0.0
Pluralibacter,0.09239272,0.0,-4.156321
Porphyrobacter,-2.3888156,0.0,0.0
Porphyromonas,1.9308085,2.2299876,-1.124302
possible.genus.Sk018,-1.9438343,0.7844338,0.23050165
Prevotella,-1.3198875,-0.13840804,-0.23178631
Prevotella_7,-1.0895797,0.958153,-0.57074714
Prevotella_9,-1.2522391,0.012563677,1.1378394
Prevotellaceae.NK3B31.group,-1.973312,1.3526232,-1.2595273
Prevotellaceae.UCG.001,-3.8289769,-2.8222847,0.0
Prevotellaceae.UCG.003,-4.8876195,0.0,0.0
Prevotellaceae.UCG.004,-4.3539634,0.0,0.0
Prochloron.P1.Palau,0.0,-1.545001,0.0
Proteiniphilum,1.6566726,0.0,0.0
Proteus,1.4102492,1.4791682,2.9539154
Providencia,-0.7914146,0.0,-2.5214357
Pseudarthrobacter,-3.622394,0.0,0.0
Pseudobutyrivibrio,1.8457325,0.0,0.0
Pseudochrobactrum,-3.587958,0.0,0.0
Pseudocitrobacter,-3.920865,0.0,0.0
Pseudoclavibacter,-1.9691063,0.0,-3.8312824
Pseudoflavonifractor,1.1798224,1.0793056,0.047572717
Pseudoglutamicibacter,0.6585131,0.0,-1.9424807
Pseudomonas,-2.9958332,1.2954402,-2.5473247
Pseudoramibacter,0.0,-1.7099525,0.0
Psychrobacter,1.585503,0.0,0.0
Pygmaiobacter,0.07426878,2.2426555,2.4137018
Pyramidobacter,1.5939102,-0.099095725,4.662056
Ralstonia,-0.89661187,0.0,-2.0275679
Ramlibacter,0.0075127445,0.0,0.0
Raoultibacter,0.8830206,-1.2216128,0.26723135
Reyranella,-0.24871418,0.0,0.0
Rheinheimera,-2.6484275,0.0,0.0
Rhizorhapis,-1.5014279,0.0,0.0
Rhodococcus,-2.5764334,0.0,-4.176861
Rhodoferax,-0.5487715,0.0,0.0
Rhodopila,-0.3162857,0.0,0.0
Rhodoplanes,-0.39168358,0.0,0.0
Rickettsiella,0.16755548,0.0,0.0
Rikenellaceae.RC9.gut.group,-1.6590215,2.6307442,1.318962
Rivibacter,-1.520012,0.0,0.0
Robinsoniella,-3.1362522,-1.2734494,0.0
Romboutsia,1.4669188,2.6788785,1.5755376
Roseburia,-0.8950509,-0.4358852,-0.41291067
Roseisolibacter,-1.182762,0.0,0.0
Roseomonas,0.034599572,0.0,0.0
Rothia,-0.3625074,1.0941373,-1.2073016
Rubellimicrobium,2.439187,0.0,0.0
Rubritepida,0.0,-1.8499504,0.0
Rubrobacter,0.7347888,0.0,0.0
Rufibacter,0.0,0.0,-1.3564553
Ruminiclostridium,0.9228148,-1.4083883,-2.2851744
Ruminobacter,-1.7268491,0.0,0.0
Ruminococcus,-0.49626604,0.102368005,0.046308253
S5.A14a,-0.018522292,0.0,-4.143601
Saccharococcus,-3.335094,0.0,0.0
Sanguibacter.Flavimobilis,0.0,0.0,-2.3906028
Sanguibacteroides,1.851805,-1.8296449,1.3281022
Sarcina,-4.7227554,0.0,-1.4117645
Savagea,1.4344244,0.0,0.0
Scardovia,-0.0015336494,0.0,-2.9137897
Schlegelella,-0.30739495,0.0,0.0
Sedimentibacter,0.41690144,0.0,0.0
Sediminibacterium,-1.3708361,0.0,0.0
Selenomonas,1.645499,-2.6813989,0.0
Sellimonas,4.699708,2.8786325,2.9047325
Senegalimassilia,0.55154467,2.409921,1.4101036
Serratia,-0.64953136,0.0,0.0
SH.PL14,-0.24173631,0.0,0.0
Shuttleworthia,1.4961153,-1.2517459,0.09288061
Slackia,1.9499764,1.4655901,2.6208344
SM1A02,0.36591613,0.0,0.0
Smithella,-0.32710615,0.0,0.0
SN8,0.52035797,0.0,0.0
Sneathia,-1.4244667,-2.1348796,0.0
Solibacillus,-0.59115857,0.0,-4.098761
Solobacterium,2.9381,5.7721486,5.184707
Soonwooa,0.61501,0.0,0.0
Sphaerochaeta,-1.4731917,0.0,0.0
Sphingobacterium,-2.8459423,0.0,0.0
Sphingobium,-4.770123,0.0,-1.2207221
Sphingomonas,3.6546626,2.8782027,2.2364218
Sphingopyxis,0.0,0.0,-0.99005353
Sporobacter,-2.6765587,0.0,0.0
Sporolactobacillus,0.0,0.0,-2.966109
Sporomusa,0.03616308,0.0,0.0
Staphylococcus,-2.888793,0.0,-4.381636
Stenotrophomonas,-2.0038152,0.0,-4.1959786
Stomatobaculum,-2.2148452,-1.6211859,0.0
Streptococcus,-0.85628104,-1.4075229,-1.0658818
Streptomyces,-3.3328178,0.0,0.0
Subdoligranulum,-1.3135972,-0.4965463,-0.8545841
Subgroup.10,0.030387845,0.0,0.0
Succinatimonas,-1.5988036,-4.0310044,0.0
Succiniclasticum,-2.1684966,0.0,0.0
Succinivibrio,-4.538594,-1.6321992,0.0
Sulfurisoma,0.11139224,0.0,0.0
Sulfuritalea,-0.09289626,0.0,0.0
Sutterella,-0.5776586,-1.0771948,1.2600337
SWB02,-0.15677842,0.0,0.0
Synechococcus.CC9902,1.8668674,0.0,0.0
Synergistes,2.7849116,-3.6510525,0.0
Syntrophococcus,-1.7230934,0.0,0.0
Taibaiella,-1.5014279,0.0,0.0
Tepidimonas,-2.4452949,0.0,0.0
Tepidiphilus,0.4887265,0.0,0.0
Terribacillus,0.0,0.0,-3.3744326
Terrilactibacillus,0.0,0.0,-2.082424
Terrimonas,-0.15677842,0.0,0.0
Terrisporobacter,-4.8868966,0.0,-3.807553
Tetragenococcus,-2.5619879,0.0,0.0
Thauera,-2.3406303,0.0,0.0
Thermoanaerobacter,0.76851594,0.0,0.0
Thermoanaerobacterium,2.2357047,0.0,0.0
Thermomonas,-0.6202632,0.0,0.0
Thermus,-0.83194774,0.0,0.0
TM7x,-0.4210193,-3.8553426,0.0
Treponema,-4.9805303,0.0,0.0
Tumebacillus,-0.72125095,0.0,0.0
Turicella,-0.99427813,0.0,0.0
Turicibacter,0.9655605,1.3751935,0.7474975
Tuzzerella,1.1928949,-1.1349103,-0.91186106
Tyzzerella,1.7125016,-0.627162,-0.99473864
UBA1819,1.9087887,-0.09488938,-0.101234026
UC5.1.2E3,2.7913673,-1.890054,-1.9127325
UCG.001,-4.0214953,0.0,0.0
UCG.002,-0.34566894,-0.0597694,0.3036425
UCG.003,-0.66460097,-0.36548212,-0.06639922
UCG.004,-4.8666425,0.0,-3.9865952
UCG.005,-1.1068786,-0.33890066,-0.052327324
UCG.007,1.5956502,-1.8926406,-2.2768083
UCG.008,-3.2170863,0.0,-3.9789915
UCG.009,0.06418638,0.36378714,1.0604161
Undibacterium,-0.5305046,0.0,0.0
Ureaplasma,1.7197169,0.0,0.14005195
Uruburuella,-0.2747544,0.0,0.0
UTBCD1,0.27329963,0.0,0.0
V9D2013.group,-3.4125762,0.0,-3.151522
Vagococcus,-1.1087408,0.0,0.0
Varibaculum,1.7962495,0.0,-3.893687
Veillonella,-0.8329059,-1.2678134,0.10851201
Vibrio,-2.2357647,0.0,0.0
Victivallis,-0.81656206,-0.48038018,0.9023059
W5053,2.77639,-0.22946824,-1.9090033
Weeksella,-1.6061434,0.0,0.0
Weissella,-1.9613445,2.1226022,1.4015186
Xanthobacter,-0.50719,0.0,0.0
XBB1006,0.94495964,0.0,0.0
Z20,-2.7384324,0.0,0.0
