"DEBIAS","AUC"
"1",0.531797235023041
"1",0.521023730565485
"1",0.512606055385675
"1",0.541829966837504
"1",0.510254532925621
"1",0.513682759808777
"1",0.532281752013437
"1",0.517367242344632
"1",0.551755028209656
"1",0.489372927343986
"1",0.525500667556742
"1",0.491737370257117
"1",0.513107799646841
"1",0.506951203755545
"1",0.504207760885482
"1",0.507351737800939
"1",0.52915500236875
"1",0.509744175029071
"1",0.511906197510659
"1",0.50575175502821
"1",0.52707911624101
"1",0.509526680735604
"1",0.501699039579655
"1",0.524910633532883
"1",0.50071493173694
"1",0.511975106593738
"1",0.528959042163745
"1",0.516710452646539
"1",0.496481329945303
"1",0.51517291873035
"1",0.524249537017098
"1",0.469832895473535
"1",0.504694431284724
"1",0.503133209871226
"1",0.524012662044016
"1",0.542124983849434
"1",0.533399371204617
"1",0.512840776949912
"1",0.509918601145613
"1",0.506010164089754
"1",0.512644816744907
"1",0.50319350531892
"1",0.498572289934967
"1",0.536129893621603
"1",0.536181575433912
"1",0.529536155734528
"1",0.515483009604203
"1",0.497896119557259
"1",0.53129333735303
"1",0.499769585253456
"1",0.537079546922779
"1",0.501729187303501
"1",0.50478702786511
"1",0.508120504759034
"1",0.504009647271631
"1",0.522376071320901
"1",0.51895645807313
"1",0.518418105861579
"1",0.524342133597485
"1",0.518138162711572
"1",0.504578147207029
"1",0.527608854817176
"1",0.548832852405358
"1",0.504582454024721
"1",0.506061845902063
"1",0.493765881390241
"1",0.51309703260261
"1",0.521183082820104
"1",0.49468538696757
"1",0.52871786037297
"1",0.533259399629614
"1",0.515455015289203
"1",0.531476377104957
"1",0.514386924501486
"1",0.513622464361084
"1",0.533761143890779
"1",0.532525087213058
"1",0.524598389250183
"1",0.492551358800982
"1",0.511962186140661
"1",0.512754640596064
"1",0.523756406391317
"1",0.510857487402558
"1",0.519384986433524
"1",0.510127481803695
"1",0.493638830268315
"1",0.524387355183255
"1",0.495294801671045
"1",0.498537835393428
"1",0.518885395581205
"1",0.495032085791808
"1",0.509477152332142
"1",0.505650544812438
"1",0.51538825961497
"1",0.520560747663551
"1",0.533171109866919
"1",0.483468280287695
"1",0.515175072139196
"1",0.536162194754296
"1",0.491330375985185
"1",0.526269434514837
"1",0.537984261501211
"1",0.56068401937046
"1",0.476240920096852
"1",0.542372881355932
"1",0.574152542372881
"1",0.491071428571429
"1",0.465799031476998
"1",0.529661016949153
"1",0.57884382566586
"1",0.468976997578692
"1",0.547518159806295
"1",0.630750605326877
"1",0.486682808716707
"1",0.587015738498789
"1",0.554025423728814
"1",0.487439467312349
"1",0.568099273607748
"1",0.595187651331719
"1",0.531930992736077
"1",0.521943099273608
"1",0.57430387409201
"1",0.512863196125908
"1",0.609110169491525
"1",0.612136803874092
"1",0.490163438256659
"1",0.511652542372881
"1",0.514225181598063
"1",0.536924939467312
"1",0.615163438256659
"1",0.550242130750605
"1",0.589891041162228
"1",0.511652542372881
"1",0.448093220338983
"1",0.573093220338983
"1",0.600332929782082
"1",0.473819612590799
"1",0.536622276029056
"1",0.576422518159806
"1",0.552814769975787
"1",0.531930992736077
"1",0.493341404358353
"1",0.536168280871671
"1",0.605629539951574
"1",0.552058111380145
"1",0.498638014527845
"1",0.530569007263923
"1",0.512106537530266
"1",0.543432203389831
"1",0.585351089588378
"1",0.5534200968523
"1",0.530266343825666
"1",0.543734866828087
"1",0.546610169491525
"1",0.470792978208232
"1",0.647699757869249
"1",0.577784503631961
"1",0.598668280871671
"1",0.534049636803874
"1",0.514679176755448
"1",0.525423728813559
"1",0.483504842615012
"1",0.530266343825666
"1",0.552360774818402
"1",0.577633171912833
"1",0.538892251815981
"1",0.669642857142857
"1",0.478510895883777
"1",0.633323244552058
"1",0.536470944309927
"1",0.493946731234867
"1",0.493190072639225
"1",0.50453995157385
"1",0.566434624697337
"1",0.519067796610169
"1",0.515587167070218
"1",0.491374092009685
"1",0.531174334140436
"1",0.527996368038741
"1",0.549182808716707
"1",0.527391041162228
"1",0.557354721549637
"1",0.603208232445521
"1",0.532990314769976
"1",0.471700968523002
"1",0.489709443099274
"1",0.535108958837772
"1",0.574455205811138
"1",0.504085956416465
"1",0.547215496368039
"1",0.585048426150121
"1",0.574757869249395
"1",0.500453995157385
"1",0.469582324455206
"1",0.536319612590799
"1",0.488801452784504
"1",0.514376513317191
"1",0.510290556900726
"1",0.521489104116223
"1",0.50544794188862
"1",0.594582324455206
"1",0.56068401937046
"1",0.534305146483402
"1",0.512535393634126
"1",0.482904341144833
"1",0.505755467338256
"1",0.518810204749506
"1",0.504581608115992
"1",0.526870704742391
"1",0.508096071484469
"1",0.497723424538638
"1",0.530228653547901
"1",0.509490473954554
"1",0.506160982342312
"1",0.506168096640628
"1",0.523726184886385
"1",0.502817262133436
"1",0.492465958082554
"1",0.532981886996486
"1",0.496457079438255
"1",0.480065736116447
"1",0.54172535962778
"1",0.495532220657077
"1",0.509333959391585
"1",0.518006289039712
"1",0.514833311990438
"1",0.497033337601912
"1",0.503436206086994
"1",0.534333603676669
"1",0.508110300081103
"1",0.499331255958225
"1",0.518312203867333
"1",0.515473598838947
"1",0.518447375535351
"1",0.497702081643687
"1",0.529744881262361
"1",0.514249939528464
"1",0.491242298772072
"1",0.524096128398856
"1",0.502312146952946
"1",0.506082725060827
"1",0.507847071043383
"1",0.546520396693274
"1",0.522787097508573
"1",0.484953259060059
"1",0.539157097935431
"1",0.508707901139711
"1",0.519863120900386
"1",0.497744767433588
"1",0.533963660164198
"1",0.511347305815227
"1",0.53830338213742
"1",0.535728006146754
"1",0.548142456709495
"1",0.499957314210099
"1",0.517003172977049
"1",0.511446905991662
"1",0.507761699463582
"1",0.50236906133948
"1",0.504069378637185
"1",0.526593247108038
"1",0.510116532206428
"1",0.532540800500847
"1",0.533970774462515
"1",0.505172094876282
"1",0.551151804897483
"1",0.497723424538638
"1",0.513894224612626
"1",0.501188087818898
"1",0.496905280232211
"1",0.522075667676897
"1",0.538836954511177
"1",0.577403565686316
"1",0.49791551059319
"1",0.515110769624792
"1",0.528777336691282
"1",0.515231712696177
"1",0.472631294375436
"1",0.491149812893954
"1",0.509390873778119
"1",0.539036154864046
"1",0.554801439933979
"1",0.548249171184246
"1",0.521833781534127
"1",0.528784450989599
"1",0.5209729514378
"1",0.521456723723339
"1",0.542173560421736
"1",0.479446792162889
"1",0.555719184416841
"1",0.51024458957613
"1",0.515345541469245
"1",0.557817902420284
"1",0.499765228155547
"1",0.512265050298089
"1",0.522523868470853
"1",0.551116233405899
"1",0.526635932897938
"1",0.534077488937266
"1",0.549992174271852
"1",0.524821786827165
"1",0.518162803602681
"1",0.496300564875286
"1",0.618931488203267
"1",0.514689201451906
"1",0.494328493647913
"1",0.529832123411978
"1",0.497958257713249
"1",0.484063067150635
"1",0.538963248638838
"1",0.520133847549909
"1",0.589950090744102
"1",0.486274954627949
"1",0.499205989110708
"1",0.547980943738657
"1",0.501758166969147
"1",0.55796279491833
"1",0.524897912885662
"1",0.56442831215971
"1",0.558019509981851
"1",0.542082577132486
"1",0.579287658802178
"1",0.51429219600726
"1",0.583030852994555
"1",0.549682395644283
"1",0.510889292196007
"1",0.482078039927405
"1",0.535673774954628
"1",0.542139292196007
"1",0.516560798548094
"1",0.525862068965517
"1",0.549795825771325
"1",0.54168557168784
"1",0.526826225045372
"1",0.572765426497278
"1",0.457803992740472
"1",0.527109800362976
"1",0.526656079854809
"1",0.536637931034483
"1",0.536354355716878
"1",0.531817150635209
"1",0.564711887477314
"1",0.525011343012704
"1",0.581726406533575
"1",0.565165607985481
"1",0.509868421052632
"1",0.553085299455535
"1",0.565335753176044
"1",0.510322141560799
"1",0.528584392014519
"1",0.527733666061706
"1",0.574750453720508
"1",0.493704627949183
"1",0.544464609800363
"1",0.510549001814882
"1",0.537602087114338
"1",0.514178765880218
"1",0.544237749546279
"1",0.628402903811252
"1",0.521721869328494
"1",0.500510435571688
"1",0.531420145190563
"1",0.532838021778584
"1",0.529775408348457
"1",0.54820780399274
"1",0.468466424682396
"1",0.536070780399274
"1",0.541231851179673
"1",0.529151542649728
"1",0.589156079854809
"1",0.521721869328494
"1",0.520927858439201
"1",0.501417876588022
"1",0.486728675136116
"1",0.505784936479129
"1",0.51695780399274
"1",0.587454627949183
"1",0.537828947368421
"1",0.556601633393829
"1",0.580024954627949
"1",0.48565108892922
"1",0.501644736842105
"1",0.539416969147005
"1",0.51565335753176
"1",0.512817604355717
"1",0.573502722323049
"1",0.549058529945554
"1",0.567320780399274
"1",0.563861161524501
"1",0.556147912885662
"1",0.500850725952813
"1",0.513611615245009
"1",0.537658802177858
"1",0.503629764065336
"1",0.503970054446461
"1",0.551780852994555
"1",0.596755898366606
"1",0.536354355716878
"1",0.535673774954628
"1",0.517808529945553
"1",0.544691470054446
"1",0.54361388384755
"1",0.566583484573503
"1",0.515766787658802
"1",0.757083880653031
"1",0.559016701069619
"1",0.574404203415275
"1",0.465190467254644
"1",0.503846875586414
"1",0.529273784950272
"1",0.611184087070745
"1",0.529930568586977
"1",0.573090636141865
"1",0.516888722086695
"1",0.525145430662413
"1",0.555169825483205
"1",0.545505723400263
"1",0.5369675361231
"1",0.570369675361231
"1",0.518765246762995
"1",0.504316006755489
"1",0.486207543629199
"1",0.513323325201726
"1",0.491180334021392
"1",0.541377369112404
"1",0.527397260273973
"1",0.550384687558641
"1",0.556295740288985
"1",0.576468380559204
"1",0.429724150872584
"1",0.540345280540439
"1",0.558829048601989
"1",0.51829611559392
"1",0.558266091199099
"1",0.55676487145806
"1",0.579283167573654
"1",0.5194220303997
"1",0.51923437793207
"1",0.539969975605179
"1",0.5388440607994
"1",0.538937887033214
"1",0.503377744417339
"1",0.560705573278289
"1",0.57412272471383
"1",0.555357477950835
"1",0.620942015387502
"1",0.548977294051417
"1",0.518577594295365
"1",0.567179583411522
"1",0.536310752486395
"1",0.51810846312629
"1",0.598048414336648
"1",0.521486207543629
"1",0.525426909363858
"1",0.511259148057797
"1",0.546725464439857
"1",0.528054043910677
"1",0.55526365171702
"1",0.506567836367048
"1",0.530775004691312
"1",0.602458247325952
"1",0.539969975605179
"1",0.545599549634078
"1",0.523175079752299
"1",0.48282979921186
"1",0.484612497654344
"1",0.511165321823982
"1",0.517826984424845
"1",0.597297804466129
"1",0.531900919497091
"1",0.539688496903734
"1",0.55695252392569
"1",0.496153124413586
"1",0.518765246762995
"1",0.536310752486395
"1",0.550197035091011
"1",0.542972415087258
"1",0.467723775567649
"1",0.498029649089886
"1",0.48189153687371
"1",0.602927378495027
"1",0.518202289360105
"1",0.546631638206042
"1",0.596828673297054
"1",0.499155563895665
"1",0.513041846500281
"1",0.523925689622818
"1",0.511165321823982
"1",0.558829048601989
"1",0.512385062863577
"1",0.516513417151436
"1",0.526458997935823
"1",0.540157628072809
"1",0.624319759804841
"1",0.485550759992494
"1",0.586132482642147
"1",0.618033402139238
"1",0.510227059485832
"1",0.53753049352599
"1",0.509664102082942
"1",0.475699005441922
"1",0.527960217676862
"1",0.521486207543629
"1",0.623100018765247
"1",0.544004503659223
"1",0.534844788826709
"1",0.512268618166164
"1",0.546348113072177
"1",0.508418233127661
"1",0.511228296742718
"1",0.522635959248099
"1",0.489214138805185
"1",0.509590089443727
"1",0.505739704405223
"1",0.496388769311714
"1",0.494104845267135
"1",0.505763619840245
"1",0.552590041612857
"1",0.538563638972593
"1",0.511228296742718
"1",0.529200746161573
"1",0.513416559047209
"1",0.510833692064859
"1",0.509853159228966
"1",0.529607308556943
"1",0.529942124647247
"1",0.524836179270101
"1",0.492466637968145
"1",0.551729085952073
"1",0.474506146266801
"1",0.532369541301956
"1",0.518402927249247
"1",0.519993303678194
"1",0.538539723537571
"1",0.535251351222079
"1",0.50338403405558
"1",0.537607021571722
"1",0.555256612617783
"1",0.487300904003444
"1",0.508238867364997
"1",0.517673506481083
"1",0.518881235949682
"1",0.509877074663988
"1",0.51112067728512
"1",0.511084804132587
"1",0.498457454441096
"1",0.518462715836801
"1",0.518402927249247
"1",0.495157124408093
"1",0.538300569187354
"1",0.529451858229301
"1",0.558437365475678
"1",0.507916008992204
"1",0.483163533744679
"1",0.559095039938777
"1",0.538731047017745
"1",0.515066724063711
"1",0.524991629597742
"1",0.54558281915148
"1",0.519622614435357
"1",0.528602860286029
"1",0.487934663031521
"1",0.50570383125269
"1",0.529308365619171
"1",0.512280575883675
"1",0.523018606208447
"1",0.504292820586406
"1",0.488819534127326
"1",0.536387334385612
"1",0.485064810828909
"1",0.540369254316736
"1",0.562813890084661
"1",0.528937676376333
"1",0.533170708375185
"1",0.564954321519108
"1",0.510104271296695
"1",0.501375137513751
"1",0.532130386951739
"1",0.527921270387908
"1",0.478535897067968
"1",0.533122877505142
"1",0.550880088008801
"1",0.53893432821543
"1",0.531986894341608
"1",0.50678002582867
"1",0.542473812598651
"1",0.494535323097527
"1",0.526928779834505
"1",0.582388673649974
"1",0.533720763380686
"1",0.507318123116659
"1",0.509303104223466
"1",0.547268857320515
"1",0.536734108193428
"1",0.506002774190463
"1",0.565348926196968
"1",0.527765820060267
"1",0.542414024011097
"1",0.507581192901899
"1",0.503467738078156
"1",0.487073707370737
"1",0.530372602477639
"1",0.501925192519252
"1",0.505608169512603
"1",0.542892332711532
"1",0.508657387477878
"1",0.539100684261975
"1",0.541218637992832
"1",0.555392636037797
"1",0.5257412838058
"1",0.536982730531118
"1",0.517921146953405
"1",0.538937764744216
"1",0.517758227435647
"1",0.515966112740306
"1",0.484848484848485
"1",0.54138155751059
"1",0.567285760834148
"1",0.47702834799609
"1",0.493809058325187
"1",0.485663082437276
"1",0.485663082437276
"1",0.608178559791463
"1",0.552948843271424
"1",0.543010752688172
"1",0.523134571521668
"1",0.61860540892799
"1",0.4356467904855
"1",0.533561420658195
"1",0.564190289996742
"1",0.591397849462366
"1",0.537634408602151
"1",0.532258064516129
"1",0.515314434669273
"1",0.535027696318019
"1",0.518898664059954
"1",0.472140762463343
"1",0.577549690452916
"1",0.539752362333007
"1",0.522319973932877
"1",0.495601173020528
"1",0.502117953730857
"1",0.56158357771261
"1",0.600521342456826
"1",0.536168132942326
"1",0.555555555555556
"1",0.529651352231997
"1",0.623981753014011
"1",0.534538937764744
"1",0.583903551645487
"1",0.521016617790811
"1",0.490387748452265
"1",0.582274356467905
"1",0.586347344411861
"1",0.543662430759205
"1",0.487618116650375
"1",0.552460084718149
"1",0.52117953730857
"1",0.579178885630499
"1",0.522808732486152
"1",0.597100032583904
"1",0.581296839361355
"1",0.519387422613229
"1",0.582111436950147
"1",0.552948843271424
"1",0.559302704463995
"1",0.510915607689801
"1",0.490713587487781
"1",0.560606060606061
"1",0.552297165200391
"1",0.543499511241447
"1",0.561420658194852
"1",0.50456174649723
"1",0.515151515151515
"1",0.502117953730857
"1",0.528836754643206
"1",0.513196480938416
"1",0.505865102639296
"1",0.568589116976214
"1",0.520364939719778
"1",0.531606386445096
"1",0.601824698598892
"1",0.507494297816878
"1",0.444444444444444
"1",0.498859563375692
"1",0.572336265884653
"1",0.625448028673835
"1",0.593678722710981
"1",0.541055718475073
"1",0.510752688172043
"1",0.547409579667644
"1",0.522808732486152
"1",0.530140110785272
"1",0.567937438905181
"1",0.58455522971652
"1",0.495927012056044
"1",0.573150863473444
"1",0.538286086673183
"1",0.476702508960573
"1",0.451612903225806
"1",0.547735418703161
"1",0.540892798957315
"1",0.463994786575432
"1",0.556858911697621
"1",0.494297816878462
"1",0.575268817204301
"1",0.584066471163245
"1",0.566077077940753
"1",0.554285303422491
"1",0.550474547023296
"1",0.504709519700892
"1",0.573986194995686
"1",0.536561691113028
"1",0.479400345125108
"1",0.486446649410411
"1",0.530378199597354
"1",0.506327293643946
"1",0.557916307161346
"1",0.491551624964049
"1",0.555579522576934
"1",0.49949669255105
"1",0.48748921484038
"1",0.529407535231521
"1",0.496980155306299
"1",0.499460742018982
"1",0.558347713546161
"1",0.558599367270636
"1",0.553027034800115
"1",0.496225194132873
"1",0.533002588438309
"1",0.506183491515674
"1",0.542565429968364
"1",0.514847569744032
"1",0.521282714984182
"1",0.519089732528041
"1",0.516609145815358
"1",0.517939315501869
"1",0.558203911417889
"1",0.537136899626114
"1",0.483894161633592
"1",0.51894593039977
"1",0.515422778257118
"1",0.551049755536382
"1",0.553134886396319
"1",0.51826287029048
"1",0.508052919183204
"1",0.535303422490653
"1",0.550079091170549
"1",0.519736842105263
"1",0.551121656600518
"1",0.528976128846707
"1",0.472533793500144
"1",0.555615473109002
"1",0.549755536381938
"1",0.578551912568306
"1",0.530845556514236
"1",0.525309174575784
"1",0.500287604256543
"1",0.531061259706644
"1",0.496476847857348
"1",0.572512223180903
"1",0.481809030773655
"1",0.451035375323555
"1",0.519844693701467
"1",0.538431118780558
"1",0.509526890997987
"1",0.498058671268335
"1",0.509275237273512
"1",0.55040264595916
"1",0.504206212251941
"1",0.563308886971527
"1",0.522073626689675
"1",0.531025309174576
"1",0.569168823698591
"1",0.518406672418752
"1",0.508052919183204
"1",0.4989933851021
"1",0.511036813344838
"1",0.544506758700029
"1",0.500431406384815
"1",0.471095772217429
"1",0.484541271210814
"1",0.50456571757262
"1",0.510533505895887
"1",0.55633448375036
"1",0.521031061259707
"1",0.531564567155594
"1",0.519521138912856
"1",0.525057520851309
"1",0.474439171699741
"1",0.538790624101237
"1",0.528904227782571
"1",0.490473109002013
"1",0.500719010641357
"1",0.493205349439172
"1",0.551373310324993
"1",0.557952257693414
"1",0.564567155593903
"1",0.535806729939603
"1",0.519557089444924
"1",0.536238136324418
"1",0.52926373310325
"1",0.500035950532068
"1",0.577545297670406
"1",0.532571182053494
"1",0.54752660339373
"1",0.539114178889848
"1",0.548065861374748
"1",0.67766618842659
"1",0.568149210903874
"1",0.526303204208513
"1",0.465088474414156
"1",0.54208512673362
"1",0.52104256336681
"1",0.539933046389287
"1",0.540889526542324
"1",0.552367288378766
"1",0.593017694882831
"1",0.582018173122908
"1",0.599713055954089
"1",0.640124342419895
"1",0.559780009564802
"1",0.567431850789096
"1",0.567910090865615
"1",0.527737924438068
"1",0.505499760879962
"1",0.502630320420851
"1",0.486848397895744
"1",0.546867527498804
"1",0.537063605930177
"1",0.519129603060737
"1",0.70492587278814
"1",0.538259206121473
"1",0.520803443328551
"1",0.590148254423721
"1",0.542802486848398
"1",0.556671449067432
"1",0.562888570062171
"1",0.510282161645146
"1",0.583452893352463
"1",0.486848397895744
"1",0.534194165471066
"1",0.536585365853659
"1",0.553802008608321
"1",0.496652319464371
"1",0.498804399808704
"1",0.576279292204687
"1",0.522955523672884
"1",0.586322333811573
"1",0.619799139167862
"1",0.551889048302248
"1",0.53299856527977
"1",0.516021042563367
"1",0.49402199904352
"1",0.538976566236251
"1",0.62960306073649
"1",0.593017694882831
"1",0.546150167384027
"1",0.606169296987088
"1",0.512673362027738
"1",0.583452893352463
"1",0.517455762792922
"1",0.615973218555715
"1",0.568866571018651
"1",0.516738402678144
"1",0.586561453849833
"1",0.570062171209947
"1",0.539693926351028
"1",0.597321855571497
"1",0.540650406504065
"1",0.564084170253467
"1",0.53323768531803
"1",0.586322333811573
"1",0.500239120038259
"1",0.583213773314204
"1",0.492109038737446
"1",0.489239598278336
"1",0.610473457675753
"1",0.483261597321856
"1",0.598517455762793
"1",0.556432329029173
"1",0.506934481109517
"1",0.527737924438068
"1",0.679579148732664
"1",0.53921568627451
"1",0.586800573888092
"1",0.638928742228599
"1",0.502869440459111
"1",0.549019607843137
"1",0.551889048302248
"1",0.502630320420851
"1",0.542563366810139
"1",0.532042085126734
"1",0.438067910090866
"1",0.515303682448589
"1",0.456719273075084
"1",0.544476327116212
"1",0.528694404591105
"1",0.534672405547585
"1",0.510760401721664
"1",0.509803921568627
"1",0.489000478240077
"1",0.53921568627451
"1",0.541606886657102
"1",0.538259206121473
"1",0.613342898134864
"1",0.509325681492109
"1",0.511477761836442
"1",0.504304160688666
"1",0.530661646046261
"1",0.519169641547264
"1",0.526822827522128
"1",0.52119908063964
"1",0.515184116582718
"1",0.52604039317326
"1",0.54193359088464
"1",0.496136730402465
"1",0.589124162550736
"1",0.484302410875837
"1",0.547606239913932
"1",0.496527947576899
"1",0.539464032471025
"1",0.489534940583892
"1",0.496307887916279
"1",0.505403687221869
"1",0.539928602865666
"1",0.504401193212382
"1",0.491050907134823
"1",0.536774414396792
"1",0.560198542716025
"1",0.549611227932906
"1",0.521957063915106
"1",0.517384713188909
"1",0.508508973543939
"1",0.511443102352193
"1",0.537679104112671
"1",0.497726050173603
"1",0.59066458017507
"1",0.561225487798914
"1",0.492322362951734
"1",0.522715047190572
"1",0.534402660276786
"1",0.530857254633478
"1",0.521321336006651
"1",0.517922636803756
"1",0.530612743899457
"1",0.533595774854516
"1",0.531444080395129
"1",0.497016969044941
"1",0.502787422367842
"1",0.513717052178591
"1",0.499853293559587
"1",0.522641693970365
"1",0.513105775343538
"1",0.477969582864688
"1",0.573133160545748
"1",0.508166658516309
"1",0.512054379187246
"1",0.536334295075554
"1",0.547508435620324
"1",0.50356985671671
"1",0.530368233165436
"1",0.473323878918285
"1",0.517800381436745
"1",0.531982004009976
"1",0.50449899750599
"1",0.510538412636315
"1",0.558584771871485
"1",0.564453029487994
"1",0.534378209203384
"1",0.49953542960536
"1",0.508924641791775
"1",0.52914567949533
"1",0.585652110127635
"1",0.513179128563744
"1",0.497848305540613
"1",0.497995011981026
"1",0.529536896669764
"1",0.552814318548584
"1",0.523570834759646
"1",0.544867719692894
"1",0.529194581642134
"1",0.544794366472688
"1",0.49366717198885
"1",0.519022935106851
"1",0.515746491270967
"1",0.486429654261822
"1",0.476526969533963
"1",0.582277861998142
"1",0.531199569661108
"1",0.528020930118832
"1",0.517653674996332
"1",0.511320846985183
"1",0.530563841752653
"1",0.553009927135801
"1",0.565602229937894
"1",0.550149151547753
"1",0.592840725707859
"1",0.464472590346716
"1",0.505721551176097
"1",0.5391706195902
"1",0.54631033302362
"1",0.497359284072571
"1",0.531199569661108
"1",0.511736515233019
"1",0.497897207687417
"1",0.539757445351851
"1",0.513301383930755
"1",0.539366228177417
"1",0.506137219423933
"1",0.569969040247678
"1",0.546710526315789
"1",0.550270897832817
"1",0.515634674922601
"1",0.562229102167183
"1",0.504256965944272
"1",0.503637770897833
"1",0.509752321981424
"1",0.49938080495356
"1",0.499187306501548
"1",0.531037151702786
"1",0.534520123839009
"1",0.530572755417957
"1",0.535797213622291
"1",0.482043343653251
"1",0.525967492260062
"1",0.598026315789474
"1",0.522136222910217
"1",0.539976780185759
"1",0.592298761609907
"1",0.514938080495356
"1",0.531037151702786
"1",0.496478328173375
"1",0.521981424148607
"1",0.564821981424149
"1",0.504256965944272
"1",0.549729102167183
"1",0.566215170278638
"1",0.531695046439629
"1",0.592492260061919
"1",0.531191950464396
"1",0.565828173374613
"1",0.527592879256966
"1",0.535952012383901
"1",0.529140866873065
"1",0.534907120743034
"1",0.510410216718266
"1",0.497136222910217
"1",0.516292569659443
"1",0.488738390092879
"1",0.480263157894737
"1",0.538390092879257
"1",0.527167182662539
"1",0.558630030959752
"1",0.514976780185759
"1",0.498103715170279
"1",0.550657894736842
"1",0.524109907120743
"1",0.539280185758514
"1",0.541989164086687
"1",0.534249226006192
"1",0.491950464396285
"1",0.497174922600619
"1",0.578521671826625
"1",0.556346749226006
"1",0.52453560371517
"1",0.567647058823529
"1",0.52859907120743
"1",0.564551083591331
"1",0.518498452012384
"1",0.521207430340557
"1",0.488931888544892
"1",0.497794117647059
"1",0.558668730650155
"1",0.511029411764706
"1",0.531578947368421
"1",0.486493808049536
"1",0.518072755417957
"1",0.501934984520124
"1",0.529411764705882
"1",0.479256965944272
"1",0.515518575851393
"1",0.527941176470588
"1",0.504914860681115
"1",0.563777089783282
"1",0.515673374613003
"1",0.536106811145511
"1",0.522832817337461
"1",0.523219814241486
"1",0.582701238390093
"1",0.54187306501548
"1",0.515557275541796
"1",0.51733746130031
"1",0.524767801857585
"1",0.511493808049536
"1",0.499342105263158
"1",0.517414860681115
"1",0.557430340557276
"1",0.511919504643963
"1",0.4953173374613
"1",0.521826625386997
"1",0.573413312693498
"1",0.514047987616099
"1",0.54171826625387
"1",0.548335913312693
"1",0.565441176470588
"1",0.509404024767802
"1",0.53672600619195
"1",0.531656346749226
"1",0.57515479876161
"1",0.51609907120743
"1",0.65
"1",0.564583333333333
"1",0.522916666666667
"1",0.6625
"1",0.5875
"1",0.54375
"1",0.549305555555556
"1",0.572916666666667
"1",0.520138888888889
"1",0.652777777777778
"1",0.479166666666667
"1",0.491666666666667
"1",0.6375
"1",0.51875
"1",0.526388888888889
"1",0.579166666666667
"1",0.500694444444444
"1",0.575694444444444
"1",0.543055555555556
"1",0.529861111111111
"1",0.523611111111111
"1",0.638194444444444
"1",0.536805555555556
"1",0.50625
"1",0.624305555555556
"1",0.519444444444444
"1",0.511805555555556
"1",0.608333333333333
"1",0.557638888888889
"1",0.509722222222222
"1",0.622916666666667
"1",0.569444444444444
"1",0.520833333333333
"1",0.579166666666667
"1",0.664583333333333
"1",0.545138888888889
"1",0.506944444444444
"1",0.475694444444444
"1",0.465972222222222
"1",0.534722222222222
"1",0.575694444444444
"1",0.602083333333333
"1",0.590277777777778
"1",0.65625
"1",0.540972222222222
"1",0.613194444444444
"1",0.621527777777778
"1",0.470833333333333
"1",0.451388888888889
"1",0.59375
"1",0.603472222222222
"1",0.540972222222222
"1",0.657638888888889
"1",0.599305555555556
"1",0.531944444444444
"1",0.495833333333333
"1",0.528472222222222
"1",0.547222222222222
"1",0.513888888888889
"1",0.4875
"1",0.636805555555556
"1",0.493055555555556
"1",0.528472222222222
"1",0.556944444444444
"1",0.523611111111111
"1",0.570138888888889
"1",0.615277777777778
"1",0.595138888888889
"1",0.529166666666667
"1",0.6625
"1",0.577777777777778
"1",0.497916666666667
"1",0.628472222222222
"1",0.482638888888889
"1",0.572916666666667
"1",0.53125
"1",0.520833333333333
"1",0.725
"1",0.54375
"1",0.644444444444444
"1",0.594444444444444
"1",0.603472222222222
"1",0.590972222222222
"1",0.496527777777778
"1",0.520833333333333
"1",0.540277777777778
"1",0.529166666666667
"1",0.578472222222222
"1",0.563888888888889
"1",0.582638888888889
"1",0.513194444444445
"1",0.521527777777778
"1",0.464583333333333
"1",0.591666666666667
"1",0.522916666666667
"1",0.4875
"1",0.591666666666667
"1",0.5875
"1",0.564583333333333
"1",0.516666666666667
"1",0.554166666666667
"1",0.870833333333333
"1",0.504166666666667
"1",0.572916666666667
"1",0.685416666666667
"1",0.59375
"1",0.51875
"1",0.54375
"1",0.51875
"1",0.577083333333333
"1",0.65
"1",0.591666666666667
"1",0.541666666666667
"1",0.541666666666667
"1",0.577083333333333
"1",0.5
"1",0.5875
"1",0.5625
"1",0.683333333333333
"1",0.641666666666667
"1",0.435416666666667
"1",0.63125
"1",0.647916666666667
"1",0.402083333333333
"1",0.5
"1",0.525
"1",0.672916666666667
"1",0.560416666666667
"1",0.479166666666667
"1",0.504166666666667
"1",0.564583333333333
"1",0.579166666666667
"1",0.483333333333333
"1",0.6625
"1",0.50625
"1",0.4625
"1",0.50625
"1",0.59375
"1",0.566666666666667
"1",0.429166666666667
"1",0.5375
"1",0.5625
"1",0.522916666666667
"1",0.745833333333333
"1",0.591666666666667
"1",0.608333333333333
"1",0.591666666666667
"1",0.595833333333333
"1",0.4875
"1",0.55625
"1",0.479166666666667
"1",0.810416666666667
"1",0.472916666666667
"1",0.585416666666667
"1",0.652083333333333
"1",0.54375
"1",0.597916666666667
"1",0.54375
"1",0.7
"1",0.720833333333333
"1",0.529166666666667
"1",0.59375
"1",0.583333333333333
"1",0.5875
"1",0.51875
"1",0.572916666666667
"1",0.666666666666667
"1",0.558333333333333
"1",0.68125
"1",0.545833333333333
"1",0.7
"1",0.533333333333333
"1",0.572916666666667
"1",0.43125
"1",0.60625
"1",0.566666666666667
"1",0.65625
"1",0.595833333333333
"1",0.622916666666667
"1",0.6875
"1",0.675
"1",0.610416666666667
"1",0.68125
"1",0.566666666666667
"1",0.54375
"1",0.697916666666667
"1",0.560416666666667
"1",0.514583333333333
"1",0.589583333333333
"1",0.483333333333333
"1",0.535416666666667
"1",0.658333333333333
"1",0.589583333333333
"1",0.510416666666667
"1",0.589583333333333
"1",0.575
"1",0.53125
"1",0.560416666666667
"1",0.620833333333333
"1",0.577083333333333
"1",0.545833333333333
"1",0.589583333333333
"1",0.5
"1",0.513157894736842
"1",0.652255639097744
"1",0.56015037593985
"1",0.526315789473684
"1",0.588345864661654
"1",0.682330827067669
"1",0.539473684210526
"1",0.618421052631579
"1",0.612781954887218
"1",0.5
"1",0.601503759398496
"1",0.582706766917293
"1",0.614661654135338
"1",0.597744360902256
"1",0.648496240601504
"1",0.588345864661654
"1",0.575187969924812
"1",0.612781954887218
"1",0.650375939849624
"1",0.567669172932331
"1",0.633458646616541
"1",0.571428571428571
"1",0.776315789473684
"1",0.577067669172932
"1",0.642857142857143
"1",0.522556390977444
"1",0.466165413533835
"1",0.616541353383459
"1",0.543233082706767
"1",0.548872180451128
"1",0.496240601503759
"1",0.524436090225564
"1",0.537593984962406
"1",0.620300751879699
"1",0.533834586466165
"1",0.695488721804511
"1",0.526315789473684
"1",0.513157894736842
"1",0.639097744360902
"1",0.68984962406015
"1",0.475563909774436
"1",0.453007518796992
"1",0.511278195488722
"1",0.539473684210526
"1",0.582706766917293
"1",0.535714285714286
"1",0.599624060150376
"1",0.661654135338346
"1",0.441729323308271
"1",0.535714285714286
"1",0.516917293233083
"1",0.492481203007519
"1",0.729323308270677
"1",0.524436090225564
"1",0.539473684210526
"1",0.590225563909774
"1",0.567669172932331
"1",0.567669172932331
"1",0.761278195488722
"1",0.571428571428571
"1",0.736842105263158
"1",0.526315789473684
"1",0.481203007518797
"1",0.597744360902256
"1",0.524436090225564
"1",0.595864661654135
"1",0.667293233082707
"1",0.578947368421053
"1",0.639097744360902
"1",0.516917293233083
"1",0.494360902255639
"1",0.505639097744361
"1",0.558270676691729
"1",0.469924812030075
"1",0.577067669172932
"1",0.618421052631579
"1",0.680451127819549
"1",0.654135338345865
"1",0.492481203007519
"1",0.575187969924812
"1",0.607142857142857
"1",0.680451127819549
"1",0.541353383458647
"1",0.548872180451128
"1",0.640977443609023
"1",0.610902255639098
"1",0.5
"1",0.511278195488722
"1",0.494360902255639
"1",0.593984962406015
"1",0.520676691729323
"1",0.56390977443609
"1",0.516917293233083
"1",0.567669172932331
"1",0.616541353383459
"1",0.56015037593985
"1",0.578947368421053
"1",0.612781954887218
"1",0.494360902255639
"1",0.609022556390977
"1",0.560526315789474
"1",0.478947368421053
"1",0.6
"1",0.578947368421053
"1",0.534210526315789
"1",0.587719298245614
"1",0.514035087719298
"1",0.512280701754386
"1",0.650877192982456
"1",0.517543859649123
"1",0.657894736842105
"1",0.487719298245614
"1",0.534210526315789
"1",0.442982456140351
"1",0.664035087719298
"1",0.554385964912281
"1",0.700877192982456
"1",0.507894736842105
"1",0.614035087719298
"1",0.589473684210526
"1",0.57280701754386
"1",0.66140350877193
"1",0.509649122807018
"1",0.549122807017544
"1",0.620175438596491
"1",0.510526315789474
"1",0.557017543859649
"1",0.545614035087719
"1",0.619298245614035
"1",0.540350877192982
"1",0.744736842105263
"1",0.507894736842105
"1",0.608771929824561
"1",0.640350877192982
"1",0.567543859649123
"1",0.521929824561403
"1",0.557894736842105
"1",0.47719298245614
"1",0.593859649122807
"1",0.473684210526316
"1",0.552631578947368
"1",0.55
"1",0.564912280701754
"1",0.467543859649123
"1",0.509649122807018
"1",0.575438596491228
"1",0.518421052631579
"1",0.529824561403509
"1",0.619298245614035
"1",0.547368421052632
"1",0.464912280701754
"1",0.604385964912281
"1",0.55
"1",0.58421052631579
"1",0.523684210526316
"1",0.61140350877193
"1",0.587719298245614
"1",0.537719298245614
"1",0.635087719298246
"1",0.571929824561404
"1",0.525438596491228
"1",0.567543859649123
"1",0.598245614035088
"1",0.535087719298246
"1",0.52280701754386
"1",0.644736842105263
"1",0.545614035087719
"1",0.521052631578947
"1",0.570175438596491
"1",0.47719298245614
"1",0.47280701754386
"1",0.547368421052632
"1",0.480701754385965
"1",0.757894736842105
"1",0.625438596491228
"1",0.489473684210526
"1",0.466666666666667
"1",0.524561403508772
"1",0.635964912280702
"1",0.450877192982456
"1",0.532456140350877
"1",0.532456140350877
"1",0.468421052631579
"1",0.535087719298246
"1",0.493859649122807
"1",0.668421052631579
"1",0.492105263157895
"1",0.594736842105263
"1",0.724561403508772
"1",0.590350877192982
"1",0.606140350877193
"1",0.587719298245614
"1",0.486842105263158
"1",0.56140350877193
"1",0.517543859649123
"1",0.501754385964912
"1",0.608771929824561
"1",0.612280701754386
"1",0.558771929824561
"1",0.624561403508772
"1",0.521929824561403
"0.5",0.647857358198027
"0.5",0.500301477238469
"0.5",0.492236961109436
"0.5",0.515747878892286
"0.5",0.498346182006116
"0.5",0.5056720789009
"0.5",0.512522072440674
"0.5",0.507162237822473
"0.5",0.519197639863905
"0.5",0.528015849089108
"0.5",0.502459192902364
"0.5",0.492820534906757
"0.5",0.500361772686162
"0.5",0.520304492010853
"0.5",0.51104914078987
"0.5",0.488845342176666
"0.5",0.496315517464146
"0.5",0.51849132176235
"0.5",0.505301692579353
"0.5",0.518418105861579
"0.5",0.516947327619622
"0.5",0.530160644299927
"0.5",0.51741892415694
"0.5",0.50891080580559
"0.5",0.539915586373229
"0.5",0.52323312804169
"0.5",0.489202808045135
"0.5",0.507511090055558
"0.5",0.519245014858521
"0.5",0.555745294801671
"0.5",0.547123045781472
"0.5",0.518954304664284
"0.5",0.495609199362591
"0.5",0.493914466600629
"0.5",0.534071234764632
"0.5",0.513814117748396
"0.5",0.497239329859167
"0.5",0.49778198888841
"0.5",0.505071277832809
"0.5",0.5159955209096
"0.5",0.515993367500754
"0.5",0.499166630776519
"0.5",0.519040441018132
"0.5",0.496237994745682
"0.5",0.515517464145743
"0.5",0.510491407898704
"0.5",0.528532667212197
"0.5",0.508365993367501
"0.5",0.529779490934149
"0.5",0.501933761143891
"0.5",0.512543606529136
"0.5",0.485169473276196
"0.5",0.51408975408071
"0.5",0.502997545113915
"0.5",0.521857099788966
"0.5",0.517337094620785
"0.5",0.520593048796244
"0.5",0.50517894827512
"0.5",0.489726086394763
"0.5",0.512830009905681
"0.5",0.546244454972221
"0.5",0.527951246823722
"0.5",0.504373573366639
"0.5",0.516889185580774
"0.5",0.51365261208493
"0.5",0.501552607778113
"0.5",0.508932339894052
"0.5",0.531698178216116
"0.5",0.510252379516775
"0.5",0.510551703346397
"0.5",0.502816658770834
"0.5",0.514382617683793
"0.5",0.516180714070373
"0.5",0.532544467892674
"0.5",0.510482794263319
"0.5",0.503243033722383
"0.5",0.530806666953788
"0.5",0.508477970627503
"0.5",0.525709548214824
"0.5",0.532318359963823
"0.5",0.500456522675395
"0.5",0.519117963736595
"0.5",0.508719152418278
"0.5",0.529017184202593
"0.5",0.52253542357552
"0.5",0.507767345708256
"0.5",0.520136526120849
"0.5",0.509009862612516
"0.5",0.510097334079848
"0.5",0.501419096429648
"0.5",0.55973340798484
"0.5",0.509929368189844
"0.5",0.50085059649425
"0.5",0.515961066368061
"0.5",0.525599724363668
"0.5",0.499500409147681
"0.5",0.510011197726
"0.5",0.516314225418838
"0.5",0.5276519229941
"0.5",0.540587449933244
"0.5",0.516219475429605
"0.5",0.630701754385965
"0.5",0.541228070175439
"0.5",0.558771929824561
"0.5",0.555263157894737
"0.5",0.579824561403509
"0.5",0.624561403508772
"0.5",0.621929824561404
"0.5",0.535087719298246
"0.5",0.500877192982456
"0.5",0.584210526315789
"0.5",0.565789473684211
"0.5",0.579824561403509
"0.5",0.548245614035088
"0.5",0.546491228070175
"0.5",0.503508771929825
"0.5",0.676315789473684
"0.5",0.449122807017544
"0.5",0.652631578947368
"0.5",0.51578947368421
"0.5",0.599122807017544
"0.5",0.514912280701754
"0.5",0.557894736842105
"0.5",0.566666666666667
"0.5",0.435087719298246
"0.5",0.51140350877193
"0.5",0.516666666666667
"0.5",0.556140350877193
"0.5",0.530701754385965
"0.5",0.585964912280702
"0.5",0.505263157894737
"0.5",0.434210526315789
"0.5",0.516666666666667
"0.5",0.66578947368421
"0.5",0.564035087719298
"0.5",0.715789473684211
"0.5",0.492105263157895
"0.5",0.676315789473684
"0.5",0.605263157894737
"0.5",0.696491228070175
"0.5",0.591228070175439
"0.5",0.542105263157895
"0.5",0.571052631578947
"0.5",0.525438596491228
"0.5",0.692982456140351
"0.5",0.540350877192982
"0.5",0.587719298245614
"0.5",0.608771929824561
"0.5",0.519298245614035
"0.5",0.471052631578947
"0.5",0.526315789473684
"0.5",0.626315789473684
"0.5",0.521052631578947
"0.5",0.498245614035088
"0.5",0.500877192982456
"0.5",0.520175438596491
"0.5",0.578070175438597
"0.5",0.541228070175439
"0.5",0.586842105263158
"0.5",0.645614035087719
"0.5",0.606140350877193
"0.5",0.648245614035088
"0.5",0.575438596491228
"0.5",0.621929824561403
"0.5",0.617543859649123
"0.5",0.53859649122807
"0.5",0.556140350877193
"0.5",0.467543859649123
"0.5",0.701754385964912
"0.5",0.576315789473684
"0.5",0.482456140350877
"0.5",0.599122807017544
"0.5",0.523684210526316
"0.5",0.478070175438596
"0.5",0.524561403508772
"0.5",0.655263157894737
"0.5",0.546491228070175
"0.5",0.518421052631579
"0.5",0.557017543859649
"0.5",0.562280701754386
"0.5",0.576315789473684
"0.5",0.598245614035088
"0.5",0.585964912280702
"0.5",0.524561403508772
"0.5",0.687719298245614
"0.5",0.632456140350877
"0.5",0.55
"0.5",0.720175438596491
"0.5",0.507017543859649
"0.5",0.536842105263158
"0.5",0.594736842105263
"0.5",0.61140350877193
"0.5",0.584210526315789
"0.5",0.481578947368421
"0.5",0.545614035087719
"0.5",0.668421052631579
"0.5",0.602631578947368
"0.5",0.620175438596491
"0.5",0.602631578947368
"0.5",0.621929824561404
"0.5",0.534210526315789
"0.5",0.541228070175439
"0.5",0.597942544926794
"0.5",0.521755524252643
"0.5",0.495425506182325
"0.5",0.5105291615088
"0.5",0.515317084275978
"0.5",0.494635819069165
"0.5",0.49787282480329
"0.5",0.476686444415987
"0.5",0.545318080277742
"0.5",0.525483416570624
"0.5",0.51678262972923
"0.5",0.52073106529503
"0.5",0.515551856120431
"0.5",0.504702551187376
"0.5",0.520603007925328
"0.5",0.524231300066874
"0.5",0.513054737411249
"0.5",0.525291330516071
"0.5",0.485287631080946
"0.5",0.496585136807957
"0.5",0.478664219348046
"0.5",0.525305559112705
"0.5",0.525077901566569
"0.5",0.535422091319133
"0.5",0.523327784180646
"0.5",0.544585307551116
"0.5",0.487927035756463
"0.5",0.518041860531296
"0.5",0.4868812339039
"0.5",0.525775102801611
"0.5",0.490537983238713
"0.5",0.523555441726782
"0.5",0.504731008380643
"0.5",0.516384229023491
"0.5",0.539427441271467
"0.5",0.542579075425791
"0.5",0.509426445269703
"0.5",0.528421621775444
"0.5",0.525639931133592
"0.5",0.537229123091589
"0.5",0.482854541056616
"0.5",0.526166389209032
"0.5",0.546812082924261
"0.5",0.521414037933439
"0.5",0.529431852136424
"0.5",0.555342126606053
"0.5",0.48977675331882
"0.5",0.527454077204365
"0.5",0.513794624436192
"0.5",0.531167740925713
"0.5",0.542372760774605
"0.5",0.506175210938945
"0.5",0.530762225921657
"0.5",0.515167684011326
"0.5",0.489783867617137
"0.5",0.50945490246297
"0.5",0.509860417467025
"0.5",0.527895163700004
"0.5",0.503912864074216
"0.5",0.499416627538026
"0.5",0.516590543674677
"0.5",0.535336719739332
"0.5",0.548668914784935
"0.5",0.516170800073989
"0.5",0.509654102815839
"0.5",0.522402925399468
"0.5",0.506210782430529
"0.5",0.508779044122878
"0.5",0.571683669839644
"0.5",0.509703902904057
"0.5",0.526600361406354
"0.5",0.501173859222265
"0.5",0.50495866592678
"0.5",0.520987180034433
"0.5",0.50813875727437
"0.5",0.552837893598554
"0.5",0.503571377755012
"0.5",0.508771929824561
"0.5",0.523932499537571
"0.5",0.50028457193267
"0.5",0.521229066177203
"0.5",0.491384584738407
"0.5",0.539733356099088
"0.5",0.516747058237646
"0.5",0.506246353922113
"0.5",0.551806320342625
"0.5",0.505940439094492
"0.5",0.505036923208264
"0.5",0.52601698894438
"0.5",0.513695024259757
"0.5",0.52889116546435
"0.5",0.529652395384243
"0.5",0.52075240818998
"0.5",0.53093296908126
"0.5",0.527930735191588
"0.5",0.494045332308874
"0.5",0.50026322903772
"0.5",0.532035685320357
"0.5",0.512599422318977
"0.5",0.504147635918669
"0.5",0.513161451886
"0.5",0.633986224709427
"0.5",0.539651791266083
"0.5",0.520112880853303
"0.5",0.519467164107715
"0.5",0.527359257664897
"0.5",0.527586454297604
"0.5",0.500394604677859
"0.5",0.521822834457359
"0.5",0.568732960252547
"0.5",0.534749127086622
"0.5",0.498672693356292
"0.5",0.520937963361554
"0.5",0.497620414215335
"0.5",0.535143731764481
"0.5",0.560589754627637
"0.5",0.54475773664323
"0.5",0.494822308317788
"0.5",0.482948294829483
"0.5",0.557684029272492
"0.5",0.520567274118716
"0.5",0.532536949347109
"0.5",0.500753336203186
"0.5",0.510271679341847
"0.5",0.508501937150237
"0.5",0.5387908356053
"0.5",0.530312813890085
"0.5",0.493363466781461
"0.5",0.49918687520926
"0.5",0.526534175156646
"0.5",0.533840340555795
"0.5",0.504077581671211
"0.5",0.493817860046874
"0.5",0.508214951929976
"0.5",0.546061127851916
"0.5",0.535143731764481
"0.5",0.477662983689673
"0.5",0.501650165016502
"0.5",0.470440522313101
"0.5",0.554299995216913
"0.5",0.525087291337829
"0.5",0.530396517912661
"0.5",0.525625388625819
"0.5",0.516405988424929
"0.5",0.479863203711676
"0.5",0.50094465968336
"0.5",0.553271631510977
"0.5",0.526235232218874
"0.5",0.57310948486153
"0.5",0.518127899746496
"0.5",0.498397665853542
"0.5",0.540895393887215
"0.5",0.50380255416846
"0.5",0.534414310996317
"0.5",0.528937676376333
"0.5",0.541493279762759
"0.5",0.49416463385469
"0.5",0.483522265270005
"0.5",0.485949681924714
"0.5",0.516513607882527
"0.5",0.542701009231358
"0.5",0.549217965274788
"0.5",0.51898885540728
"0.5",0.519096474864878
"0.5",0.532393456736978
"0.5",0.56036255799493
"0.5",0.513261108719568
"0.5",0.514600373080786
"0.5",0.516657100492658
"0.5",0.518809489644617
"0.5",0.534844788826709
"0.5",0.512196871861099
"0.5",0.504771129286842
"0.5",0.494320084182331
"0.5",0.49918687520926
"0.5",0.49864877792127
"0.5",0.495372363323289
"0.5",0.535562251877362
"0.5",0.5023078394796
"0.5",0.533481609030468
"0.5",0.522982733055914
"0.5",0.492478595685656
"0.5",0.528375663653322
"0.5",0.537822260486918
"0.5",0.519275840627541
"0.5",0.505058114507103
"0.5",0.53784617592194
"0.5",0.533852298273306
"0.5",0.519873726503085
"0.5",0.543298895106902
"0.5",0.521189075429282
"0.5",0.497668245085378
"0.5",0.503993877648634
"0.5",0.500609843593055
"0.5",0.525434065145645
"0.5",0.535036112306883
"0.5",0.466924953364902
"0.5",0.533708805663175
"0.5",0.558389534605634
"0.5",0.51804419572392
"0.5",0.502618740134883
"0.5",0.539018032238006
"0.5",0.553117433414044
"0.5",0.51634382566586
"0.5",0.547669491525424
"0.5",0.51906779661017
"0.5",0.481386198547215
"0.5",0.548123486682809
"0.5",0.567493946731235
"0.5",0.546761501210654
"0.5",0.51452784503632
"0.5",0.533444309927361
"0.5",0.51634382566586
"0.5",0.633323244552058
"0.5",0.595036319612591
"0.5",0.523305084745763
"0.5",0.473365617433414
"0.5",0.446731234866828
"0.5",0.496973365617433
"0.5",0.564013317191283
"0.5",0.549182808716707
"0.5",0.505145278450363
"0.5",0.540708232445521
"0.5",0.49727602905569
"0.5",0.496973365617433
"0.5",0.497578692493947
"0.5",0.523910411622276
"0.5",0.571882566585956
"0.5",0.55160411622276
"0.5",0.520732445520581
"0.5",0.477602905569007
"0.5",0.556598062953995
"0.5",0.45202784503632
"0.5",0.525121065375303
"0.5",0.517857142857143
"0.5",0.537076271186441
"0.5",0.503329297820823
"0.5",0.541918886198547
"0.5",0.54797215496368
"0.5",0.588226392251816
"0.5",0.55705205811138
"0.5",0.550998789346247
"0.5",0.545399515738499
"0.5",0.532838983050847
"0.5",0.460805084745763
"0.5",0.555841404358353
"0.5",0.528299031476998
"0.5",0.582021791767555
"0.5",0.549031476997579
"0.5",0.550847457627119
"0.5",0.552058111380145
"0.5",0.56794794188862
"0.5",0.552814769975787
"0.5",0.55523607748184
"0.5",0.516797820823245
"0.5",0.539043583535109
"0.5",0.489709443099274
"0.5",0.519219128329298
"0.5",0.545399515738499
"0.5",0.526634382566586
"0.5",0.55069612590799
"0.5",0.543432203389831
"0.5",0.604267554479419
"0.5",0.470036319612591
"0.5",0.540556900726392
"0.5",0.50998789346247
"0.5",0.477451573849879
"0.5",0.624394673123487
"0.5",0.544188861985472
"0.5",0.517100484261501
"0.5",0.601694915254237
"0.5",0.533444309927361
"0.5",0.55432808716707
"0.5",0.513014527845036
"0.5",0.498789346246973
"0.5",0.562348668280872
"0.5",0.523759079903148
"0.5",0.569461259079903
"0.5",0.489709443099274
"0.5",0.564921307506053
"0.5",0.447790556900726
"0.5",0.55251210653753
"0.5",0.579903147699758
"0.5",0.48547215496368
"0.5",0.593371670702179
"0.5",0.526331719128329
"0.5",0.600484261501211
"0.5",0.524667070217918
"0.5",0.523305084745763
"0.5",0.527845036319613
"0.5",0.547518159806295
"0.5",0.483353510895884
"0.5",0.509533898305085
"0.5",0.526483050847458
"0.5",0.525877723970944
"0.5",0.50272397094431
"0.5",0.568250605326877
"0.5",0.56159200968523
"0.5",0.54524818401937
"0.5",0.489860774818402
"0.5",0.546307506053269
"0.5",0.545399515738499
"0.5",0.541616222760291
"0.5",0.6398835202761
"0.5",0.529191832039114
"0.5",0.545081967213115
"0.5",0.527214552775381
"0.5",0.544614610296232
"0.5",0.554033649698015
"0.5",0.527322404371585
"0.5",0.487633016968651
"0.5",0.498885533505896
"0.5",0.496728501581823
"0.5",0.475337935001438
"0.5",0.457578372159908
"0.5",0.530809605982169
"0.5",0.554429105550762
"0.5",0.489071038251366
"0.5",0.520887259131435
"0.5",0.556082830025884
"0.5",0.542493528904228
"0.5",0.52351164797239
"0.5",0.552487776819097
"0.5",0.503846706931263
"0.5",0.587144089732528
"0.5",0.523367845844118
"0.5",0.539473684210526
"0.5",0.498633879781421
"0.5",0.542601380500431
"0.5",0.506614897900489
"0.5",0.534440609721024
"0.5",0.532175726200748
"0.5",0.51944923784872
"0.5",0.51707650273224
"0.5",0.5218219729652
"0.5",0.514056658038539
"0.5",0.526819096922634
"0.5",0.523116192119643
"0.5",0.533433994823123
"0.5",0.542062122519413
"0.5",0.501725625539258
"0.5",0.548856773080242
"0.5",0.526926948518838
"0.5",0.496980155306299
"0.5",0.495721886683923
"0.5",0.53958153580673
"0.5",0.54921627840092
"0.5",0.470951970089157
"0.5",0.491839229220592
"0.5",0.496368996261145
"0.5",0.487956571757262
"0.5",0.539365832614323
"0.5",0.555004314063848
"0.5",0.568234109864826
"0.5",0.559138625251654
"0.5",0.530917457578372
"0.5",0.476416450963474
"0.5",0.497195858498706
"0.5",0.529874892148404
"0.5",0.496944204774231
"0.5",0.523547598504458
"0.5",0.579055220017256
"0.5",0.512906241012367
"0.5",0.499568593615186
"0.5",0.489897900488927
"0.5",0.485943341961461
"0.5",0.548533218291631
"0.5",0.496225194132873
"0.5",0.503810756399195
"0.5",0.543536094334196
"0.5",0.526962899050906
"0.5",0.526028185217141
"0.5",0.574022145527754
"0.5",0.526495542134024
"0.5",0.503774805867127
"0.5",0.587935001438021
"0.5",0.501258268622376
"0.5",0.562913431118781
"0.5",0.480694564279551
"0.5",0.582650273224044
"0.5",0.523979004889272
"0.5",0.550762151279839
"0.5",0.551013805004314
"0.5",0.505500431406385
"0.5",0.556190681622088
"0.5",0.503055795225769
"0.5",0.545872878918608
"0.5",0.521498418176589
"0.5",0.569492378487202
"0.5",0.561655162496405
"0.5",0.538107563991947
"0.5",0.514020707506471
"0.5",0.509922346850733
"0.5",0.513229795800978
"0.5",0.474043715846995
"0.5",0.531384814495255
"0.5",0.519125683060109
"0.5",0.502121081392005
"0.5",0.539150129421915
"0.5",0.560037388553351
"0.5",0.569132873166523
"0.5",0.489466494104113
"0.5",0.534404659188956
"0.5",0.469477998274374
"0.5",0.648993808049536
"0.5",0.571362229102167
"0.5",0.490170278637771
"0.5",0.54094427244582
"0.5",0.531965944272446
"0.5",0.514860681114551
"0.5",0.480379256965944
"0.5",0.518614551083591
"0.5",0.533049535603715
"0.5",0.52859907120743
"0.5",0.536609907120743
"0.5",0.5921826625387
"0.5",0.531888544891641
"0.5",0.530921052631579
"0.5",0.497871517027864
"0.5",0.52577399380805
"0.5",0.478715170278638
"0.5",0.533320433436532
"0.5",0.52859907120743
"0.5",0.581772445820433
"0.5",0.502321981424149
"0.5",0.502825077399381
"0.5",0.522368421052632
"0.5",0.598142414860681
"0.5",0.515208978328173
"0.5",0.510681114551084
"0.5",0.508513931888545
"0.5",0.537538699690402
"0.5",0.525735294117647
"0.5",0.488390092879257
"0.5",0.493885448916409
"0.5",0.585294117647059
"0.5",0.505224458204334
"0.5",0.505611455108359
"0.5",0.513815789473684
"0.5",0.569930340557276
"0.5",0.496981424148607
"0.5",0.5453173374613
"0.5",0.529450464396285
"0.5",0.593188854489164
"0.5",0.519311145510836
"0.5",0.505650154798762
"0.5",0.528521671826625
"0.5",0.524729102167183
"0.5",0.577670278637771
"0.5",0.566756965944272
"0.5",0.567105263157895
"0.5",0.529295665634675
"0.5",0.571284829721362
"0.5",0.5953173374613
"0.5",0.577244582043344
"0.5",0.565131578947368
"0.5",0.52062693498452
"0.5",0.508978328173375
"0.5",0.497445820433437
"0.5",0.52078173374613
"0.5",0.552554179566563
"0.5",0.533049535603715
"0.5",0.491602167182663
"0.5",0.505417956656347
"0.5",0.536648606811146
"0.5",0.550270897832817
"0.5",0.54593653250774
"0.5",0.551160990712074
"0.5",0.527941176470588
"0.5",0.486029411764706
"0.5",0.529605263157895
"0.5",0.540557275541796
"0.5",0.501354489164087
"0.5",0.514860681114551
"0.5",0.562925696594427
"0.5",0.497058823529412
"0.5",0.54140866873065
"0.5",0.565479876160991
"0.5",0.502089783281734
"0.5",0.515557275541796
"0.5",0.521787925696594
"0.5",0.476044891640867
"0.5",0.51265479876161
"0.5",0.531346749226006
"0.5",0.497832817337461
"0.5",0.560139318885449
"0.5",0.534520123839009
"0.5",0.518459752321981
"0.5",0.565441176470588
"0.5",0.507701238390093
"0.5",0.505263157894737
"0.5",0.546904024767802
"0.5",0.526393188854489
"0.5",0.527128482972136
"0.5",0.498993808049536
"0.5",0.5296826625387
"0.5",0.52016253869969
"0.5",0.541137770897833
"0.5",0.564512383900929
"0.5",0.553328173374613
"0.5",0.534558823529412
"0.5",0.559171826625387
"0.5",0.491447368421053
"0.5",0.514551083591331
"0.5",0.503405572755418
"0.5",0.661450437674214
"0.5",0.497359284072571
"0.5",0.558193554697051
"0.5",0.496870262604528
"0.5",0.539488483544428
"0.5",0.544109736417429
"0.5",0.493740525209057
"0.5",0.497872756614015
"0.5",0.516944593867671
"0.5",0.507628734901462
"0.5",0.551004939116827
"0.5",0.508900190718373
"0.5",0.532471025478019
"0.5",0.531786395422759
"0.5",0.515281920876327
"0.5",0.564184067680571
"0.5",0.514206073646633
"0.5",0.516871240647464
"0.5",0.52948799452296
"0.5",0.503643209936916
"0.5",0.52234828108954
"0.5",0.509462565406621
"0.5",0.521761455327889
"0.5",0.529316837009145
"0.5",0.576360702234828
"0.5",0.57188615580224
"0.5",0.528876717687907
"0.5",0.508386718176928
"0.5",0.521394689226857
"0.5",0.522519438603355
"0.5",0.524891192723361
"0.5",0.589906596899604
"0.5",0.55726441390777
"0.5",0.555821800577045
"0.5",0.48202846104944
"0.5",0.516504474546433
"0.5",0.492884737639982
"0.5",0.503056384175265
"0.5",0.551787373465695
"0.5",0.477138246369016
"0.5",0.531346276101521
"0.5",0.559293853000147
"0.5",0.508240011736515
"0.5",0.498484033449068
"0.5",0.519976526969534
"0.5",0.53364467700132
"0.5",0.554745953347352
"0.5",0.526113746393467
"0.5",0.507555381681256
"0.5",0.592253899946208
"0.5",0.538901657782777
"0.5",0.530050369211208
"0.5",0.520367744143968
"0.5",0.516944593867671
"0.5",0.531688591129151
"0.5",0.524964545943567
"0.5",0.558022397183236
"0.5",0.561616704973348
"0.5",0.52511125238398
"0.5",0.507579832754658
"0.5",0.496748007237518
"0.5",0.492615775832559
"0.5",0.529219032715536
"0.5",0.500733532202064
"0.5",0.527727517238007
"0.5",0.518851777593036
"0.5",0.535087290332046
"0.5",0.512225536701061
"0.5",0.519732016235513
"0.5",0.531884199716368
"0.5",0.525160154530784
"0.5",0.518191598611179
"0.5",0.511223042691574
"0.5",0.576776370482664
"0.5",0.583011394200205
"0.5",0.501295906890312
"0.5",0.510293901902294
"0.5",0.478409702185926
"0.5",0.524231013741503
"0.5",0.484277959802435
"0.5",0.512372243141474
"0.5",0.566800332534598
"0.5",0.538975011002983
"0.5",0.502127243385985
"0.5",0.534500464570395
"0.5",0.512078830260648
"0.5",0.542422612352682
"0.5",0.573646633087193
"0.5",0.55829135899066
"0.5",0.504132231404959
"0.5",0.50599051298352
"0.5",0.498092816274634
"0.5",0.513888209692405
"0.5",0.47557337767128
"0.5",0.524622230915937
"0.5",0.570957015012959
"0.5",0.543498459582376
"0.5",0.540124211452883
"0.5",0.531615237908944
"0.5",0.53237322118441
"0.5",0.531688591129151
"0.5",0.658536585365854
"0.5",0.457197513151602
"0.5",0.459588713534194
"0.5",0.473457675753228
"0.5",0.571736011477762
"0.5",0.522238163558106
"0.5",0.510999521759923
"0.5",0.543519846963176
"0.5",0.574366331898613
"0.5",0.523912003825921
"0.5",0.577714012434242
"0.5",0.565997130559541
"0.5",0.587039693926351
"0.5",0.617168818747011
"0.5",0.492587278813965
"0.5",0.54232424677188
"0.5",0.516738402678144
"0.5",0.538259206121473
"0.5",0.489478718316595
"0.5",0.536585365853659
"0.5",0.593017694882831
"0.5",0.555954088952654
"0.5",0.457436633189861
"0.5",0.535150645624103
"0.5",0.505021520803443
"0.5",0.567670970827355
"0.5",0.527977044476327
"0.5",0.52702056432329
"0.5",0.571496891439503
"0.5",0.470109995217599
"0.5",0.50310856049737
"0.5",0.495456719273075
"0.5",0.644189383070301
"0.5",0.521759923481588
"0.5",0.599234815877571
"0.5",0.584170253467241
"0.5",0.576518412242946
"0.5",0.501195600191296
"0.5",0.540650406504065
"0.5",0.579387852702056
"0.5",0.55117168818747
"0.5",0.476566236250598
"0.5",0.521281683405069
"0.5",0.502391200382592
"0.5",0.571496891439503
"0.5",0.498804399808704
"0.5",0.555954088952654
"0.5",0.537541846006695
"0.5",0.547824007651841
"0.5",0.653036824485892
"0.5",0.555236728837877
"0.5",0.567670970827355
"0.5",0.512673362027738
"0.5",0.438067910090866
"0.5",0.538737446197991
"0.5",0.526064084170254
"0.5",0.534194165471066
"0.5",0.507651841224295
"0.5",0.543998087039694
"0.5",0.520564323290292
"0.5",0.510760401721664
"0.5",0.60234337637494
"0.5",0.593017694882831
"0.5",0.61142993782879
"0.5",0.59947393591583
"0.5",0.551410808225729
"0.5",0.545911047345768
"0.5",0.585365853658537
"0.5",0.491152558584409
"0.5",0.530368244858919
"0.5",0.531324725011956
"0.5",0.642754662840746
"0.5",0.53012912482066
"0.5",0.557388809182209
"0.5",0.627690100430416
"0.5",0.543280726924916
"0.5",0.594691535150646
"0.5",0.630320420851267
"0.5",0.526781444285031
"0.5",0.522955523672884
"0.5",0.534672405547585
"0.5",0.53323768531803
"0.5",0.510043041606887
"0.5",0.441415590626495
"0.5",0.482544237207078
"0.5",0.594213295074127
"0.5",0.53323768531803
"0.5",0.525824964131994
"0.5",0.568866571018651
"0.5",0.545911047345768
"0.5",0.543519846963176
"0.5",0.586322333811573
"0.5",0.549976087996174
"0.5",0.46676231468197
"0.5",0.461262553802009
"0.5",0.563605930176949
"0.5",0.588235294117647
"0.5",0.514347202295552
"0.5",0.546628407460545
"0.5",0.533955045432807
"0.5",0.487565758010521
"0.5",0.610424228675136
"0.5",0.545655626134301
"0.5",0.496483666061706
"0.5",0.493591197822142
"0.5",0.515369782214156
"0.5",0.487692831215971
"0.5",0.545882486388385
"0.5",0.524500907441016
"0.5",0.505728221415608
"0.5",0.513838475499093
"0.5",0.471132032667877
"0.5",0.512420598911071
"0.5",0.513951905626134
"0.5",0.591991833030853
"0.5",0.518262250453721
"0.5",0.578947368421053
"0.5",0.53062613430127
"0.5",0.525748638838476
"0.5",0.480887023593466
"0.5",0.58200998185118
"0.5",0.607191470054446
"0.5",0.526485934664247
"0.5",0.522232304900181
"0.5",0.508280399274047
"0.5",0.484289927404719
"0.5",0.525465063520871
"0.5",0.536354355716878
"0.5",0.601463248638838
"0.5",0.595451451905626
"0.5",0.496313520871143
"0.5",0.528073956442831
"0.5",0.531476860254083
"0.5",0.530399274047187
"0.5",0.557168784029038
"0.5",0.531533575317604
"0.5",0.520417422867514
"0.5",0.544010889292196
"0.5",0.509868421052632
"0.5",0.536070780399274
"0.5",0.556091197822142
"0.5",0.52019056261343
"0.5",0.517241379310345
"0.5",0.588248638838475
"0.5",0.500850725952813
"0.5",0.60480943738657
"0.5",0.48565108892922
"0.5",0.564088021778584
"0.5",0.547243647912886
"0.5",0.538566243194192
"0.5",0.530852994555354
"0.5",0.507656533575318
"0.5",0.492400181488203
"0.5",0.482815335753176
"0.5",0.477030399274047
"0.5",0.527733666061706
"0.5",0.542252722323049
"0.5",0.50584165154265
"0.5",0.506692377495463
"0.5",0.543216878402904
"0.5",0.52801724137931
"0.5",0.507769963702359
"0.5",0.482191470054446
"0.5",0.58461887477314
"0.5",0.556431488203267
"0.5",0.536808076225045
"0.5",0.512307168784029
"0.5",0.508280399274047
"0.5",0.483949637023593
"0.5",0.537658802177858
"0.5",0.524047186932849
"0.5",0.533802177858439
"0.5",0.565505898366606
"0.5",0.509074410163339
"0.5",0.529151542649728
"0.5",0.474251361161524
"0.5",0.495746370235935
"0.5",0.52603221415608
"0.5",0.540721415607985
"0.5",0.512760889292196
"0.5",0.533405172413793
"0.5",0.522572595281307
"0.5",0.477824410163339
"0.5",0.523083030852995
"0.5",0.514745916515426
"0.5",0.552631578947368
"0.5",0.499035843920145
"0.5",0.578663793103448
"0.5",0.530909709618875
"0.5",0.533008166969147
"0.5",0.529888838475499
"0.5",0.550249546279492
"0.5",0.506578947368421
"0.5",0.533802177858439
"0.5",0.44073275862069
"0.5",0.547073502722323
"0.5",0.568908802177858
"0.5",0.556261343012704
"0.5",0.522856170598911
"0.5",0.538793103448276
"0.5",0.581102540834846
"0.5",0.558416515426497
"0.5",0.575187969924812
"0.5",0.584586466165414
"0.5",0.725563909774436
"0.5",0.50187969924812
"0.5",0.496240601503759
"0.5",0.535714285714286
"0.5",0.518796992481203
"0.5",0.614661654135338
"0.5",0.548872180451128
"0.5",0.618421052631579
"0.5",0.62593984962406
"0.5",0.616541353383459
"0.5",0.50187969924812
"0.5",0.635338345864662
"0.5",0.503759398496241
"0.5",0.578947368421053
"0.5",0.50187969924812
"0.5",0.494360902255639
"0.5",0.620300751879699
"0.5",0.528195488721805
"0.5",0.610902255639098
"0.5",0.640977443609023
"0.5",0.548872180451128
"0.5",0.513157894736842
"0.5",0.642857142857143
"0.5",0.541353383458647
"0.5",0.603383458646617
"0.5",0.573308270676692
"0.5",0.618421052631579
"0.5",0.592105263157895
"0.5",0.661654135338346
"0.5",0.580827067669173
"0.5",0.548872180451128
"0.5",0.595864661654135
"0.5",0.513157894736842
"0.5",0.629699248120301
"0.5",0.503759398496241
"0.5",0.548872180451128
"0.5",0.43796992481203
"0.5",0.50187969924812
"0.5",0.603383458646617
"0.5",0.486842105263158
"0.5",0.5
"0.5",0.607142857142857
"0.5",0.490601503759398
"0.5",0.554511278195489
"0.5",0.714285714285714
"0.5",0.565789473684211
"0.5",0.629699248120301
"0.5",0.509398496240602
"0.5",0.667293233082707
"0.5",0.490601503759398
"0.5",0.56390977443609
"0.5",0.599624060150376
"0.5",0.577067669172932
"0.5",0.488721804511278
"0.5",0.483082706766917
"0.5",0.595864661654135
"0.5",0.548872180451128
"0.5",0.723684210526316
"0.5",0.56015037593985
"0.5",0.509398496240602
"0.5",0.593984962406015
"0.5",0.577067669172932
"0.5",0.577067669172932
"0.5",0.511278195488722
"0.5",0.460526315789474
"0.5",0.535714285714286
"0.5",0.593984962406015
"0.5",0.62593984962406
"0.5",0.595864661654135
"0.5",0.593984962406015
"0.5",0.5
"0.5",0.718045112781955
"0.5",0.513157894736842
"0.5",0.552631578947368
"0.5",0.531954887218045
"0.5",0.550751879699248
"0.5",0.590225563909774
"0.5",0.590225563909774
"0.5",0.644736842105263
"0.5",0.496240601503759
"0.5",0.595864661654135
"0.5",0.513157894736842
"0.5",0.515037593984962
"0.5",0.537593984962406
"0.5",0.654135338345865
"0.5",0.569548872180451
"0.5",0.618421052631579
"0.5",0.546992481203007
"0.5",0.725563909774436
"0.5",0.473684210526316
"0.5",0.528195488721805
"0.5",0.609022556390977
"0.5",0.545112781954887
"0.5",0.650375939849624
"0.5",0.601503759398496
"0.5",0.475563909774436
"0.5",0.558270676691729
"0.5",0.599624060150376
"0.5",0.571428571428571
"0.5",0.701388888888889
"0.5",0.502083333333333
"0.5",0.425
"0.5",0.490277777777778
"0.5",0.534722222222222
"0.5",0.530555555555556
"0.5",0.559027777777778
"0.5",0.456944444444444
"0.5",0.617361111111111
"0.5",0.643055555555556
"0.5",0.539583333333333
"0.5",0.497222222222222
"0.5",0.627777777777778
"0.5",0.569444444444444
"0.5",0.707638888888889
"0.5",0.520138888888889
"0.5",0.546527777777778
"0.5",0.570138888888889
"0.5",0.499305555555556
"0.5",0.502083333333333
"0.5",0.558333333333333
"0.5",0.430555555555556
"0.5",0.529166666666667
"0.5",0.615972222222222
"0.5",0.566666666666667
"0.5",0.504861111111111
"0.5",0.570833333333333
"0.5",0.6625
"0.5",0.604861111111111
"0.5",0.519444444444444
"0.5",0.627083333333333
"0.5",0.54375
"0.5",0.564583333333333
"0.5",0.583333333333333
"0.5",0.624305555555556
"0.5",0.530555555555556
"0.5",0.532638888888889
"0.5",0.569444444444444
"0.5",0.558333333333333
"0.5",0.5
"0.5",0.538194444444444
"0.5",0.475
"0.5",0.611805555555556
"0.5",0.520833333333333
"0.5",0.493055555555556
"0.5",0.538194444444444
"0.5",0.492361111111111
"0.5",0.527083333333333
"0.5",0.634027777777778
"0.5",0.55
"0.5",0.546527777777778
"0.5",0.563888888888889
"0.5",0.522916666666667
"0.5",0.564583333333333
"0.5",0.500694444444444
"0.5",0.635416666666667
"0.5",0.639583333333333
"0.5",0.509027777777778
"0.5",0.519444444444444
"0.5",0.476388888888889
"0.5",0.404861111111111
"0.5",0.520138888888889
"0.5",0.604166666666667
"0.5",0.530555555555556
"0.5",0.511805555555556
"0.5",0.527777777777778
"0.5",0.532638888888889
"0.5",0.547916666666667
"0.5",0.593055555555556
"0.5",0.489583333333333
"0.5",0.566666666666667
"0.5",0.446527777777778
"0.5",0.490972222222222
"0.5",0.602777777777778
"0.5",0.53125
"0.5",0.49375
"0.5",0.591666666666667
"0.5",0.517361111111111
"0.5",0.529861111111111
"0.5",0.546527777777778
"0.5",0.461805555555556
"0.5",0.555555555555556
"0.5",0.598611111111111
"0.5",0.590277777777778
"0.5",0.446527777777778
"0.5",0.473611111111111
"0.5",0.598611111111111
"0.5",0.522222222222222
"0.5",0.594444444444444
"0.5",0.555555555555556
"0.5",0.455555555555556
"0.5",0.651388888888889
"0.5",0.692361111111111
"0.5",0.531944444444444
"0.5",0.647916666666667
"0.5",0.568055555555556
"0.5",0.63125
"0.5",0.530555555555556
"0.5",0.545833333333333
"0.5",0.613194444444444
"0.5",0.530555555555556
"0.5",0.927083333333333
"0.5",0.522916666666667
"0.5",0.59375
"0.5",0.56875
"0.5",0.452083333333333
"0.5",0.533333333333333
"0.5",0.489583333333333
"0.5",0.529166666666667
"0.5",0.629166666666667
"0.5",0.585416666666667
"0.5",0.66875
"0.5",0.54375
"0.5",0.570833333333333
"0.5",0.497916666666667
"0.5",0.65
"0.5",0.691666666666667
"0.5",0.597916666666667
"0.5",0.577083333333333
"0.5",0.61875
"0.5",0.50625
"0.5",0.5375
"0.5",0.6
"0.5",0.691666666666667
"0.5",0.614583333333333
"0.5",0.529166666666667
"0.5",0.5375
"0.5",0.752083333333333
"0.5",0.69375
"0.5",0.645833333333333
"0.5",0.620833333333333
"0.5",0.625
"0.5",0.570833333333333
"0.5",0.616666666666667
"0.5",0.591666666666667
"0.5",0.558333333333333
"0.5",0.689583333333333
"0.5",0.502083333333333
"0.5",0.51875
"0.5",0.59375
"0.5",0.658333333333333
"0.5",0.622916666666667
"0.5",0.616666666666667
"0.5",0.5125
"0.5",0.64375
"0.5",0.666666666666667
"0.5",0.614583333333333
"0.5",0.541666666666667
"0.5",0.579166666666667
"0.5",0.55
"0.5",0.602083333333333
"0.5",0.71875
"0.5",0.529166666666667
"0.5",0.583333333333333
"0.5",0.547916666666667
"0.5",0.554166666666667
"0.5",0.702083333333333
"0.5",0.497916666666667
"0.5",0.564583333333333
"0.5",0.558333333333333
"0.5",0.69375
"0.5",0.51875
"0.5",0.604166666666667
"0.5",0.614583333333333
"0.5",0.6875
"0.5",0.54375
"0.5",0.5
"0.5",0.572916666666667
"0.5",0.485416666666667
"0.5",0.589583333333333
"0.5",0.55
"0.5",0.641666666666667
"0.5",0.691666666666667
"0.5",0.595833333333333
"0.5",0.614583333333333
"0.5",0.564583333333333
"0.5",0.50625
"0.5",0.497916666666667
"0.5",0.491666666666667
"0.5",0.610416666666667
"0.5",0.754166666666667
"0.5",0.5125
"0.5",0.56875
"0.5",0.595833333333333
"0.5",0.529166666666667
"0.5",0.514583333333333
"0.5",0.439583333333333
"0.5",0.59375
"0.5",0.6625
"0.5",0.508333333333333
"0.5",0.60625
"0.5",0.495833333333333
"0.5",0.63125
"0.5",0.652083333333333
"0.5",0.575
"0.5",0.520833333333333
"0.5",0.625
"0.5",0.525
"0.5",0.477083333333333
"0.5",0.622916666666667
"0.5",0.735416666666667
"0.5",0.64375
"0.5",0.608178559791463
"0.5",0.571358748778104
"0.5",0.539100684261975
"0.5",0.512381883349625
"0.5",0.528022157054415
"0.5",0.476702508960573
"0.5",0.481264255457804
"0.5",0.522808732486152
"0.5",0.570218312153796
"0.5",0.53584229390681
"0.5",0.610459433040078
"0.5",0.520690778755295
"0.5",0.542196155099381
"0.5",0.514173998044966
"0.5",0.530791788856305
"0.5",0.513848159009449
"0.5",0.526067122841316
"0.5",0.502117953730857
"0.5",0.529488432714239
"0.5",0.556695992179863
"0.5",0.480123818833496
"0.5",0.56712284131639
"0.5",0.51107852720756
"0.5",0.578201368523949
"0.5",0.495601173020528
"0.5",0.490713587487781
"0.5",0.556370153144347
"0.5",0.47702834799609
"0.5",0.649234278266536
"0.5",0.495112414467253
"0.5",0.525415444770283
"0.5",0.492179863147605
"0.5",0.573965461062235
"0.5",0.540729879439557
"0.5",0.502280873248615
"0.5",0.582437275985663
"0.5",0.475399152818508
"0.5",0.586021505376344
"0.5",0.513848159009449
"0.5",0.454871293580971
"0.5",0.584881068752036
"0.5",0.511567285760834
"0.5",0.655262300423591
"0.5",0.523623330074943
"0.5",0.583903551645487
"0.5",0.536982730531118
"0.5",0.573965461062235
"0.5",0.546269143043337
"0.5",0.558325187357445
"0.5",0.514011078527208
"0.5",0.587813620071685
"0.5",0.543010752688172
"0.5",0.572336265884653
"0.5",0.51010101010101
"0.5",0.477191267513848
"0.5",0.615184099055067
"0.5",0.611925708699902
"0.5",0.501303356142066
"0.5",0.520690778755295
"0.5",0.524437927663734
"0.5",0.52753339850114
"0.5",0.516454871293581
"0.5",0.527207559465624
"0.5",0.514825676115999
"0.5",0.561094819159335
"0.5",0.553763440860215
"0.5",0.534376018246986
"0.5",0.507494297816878
"0.5",0.543010752688172
"0.5",0.48989898989899
"0.5",0.494623655913978
"0.5",0.479635060280222
"0.5",0.495112414467253
"0.5",0.525904203323558
"0.5",0.563701531443467
"0.5",0.562886933854676
"0.5",0.532909742587162
"0.5",0.546594982078853
"0.5",0.484848484848485
"0.5",0.54040404040404
"0.5",0.49446073639622
"0.5",0.491528185076572
"0.5",0.619582926034539
"0.5",0.466438579341805
"0.5",0.549201694362985
"0.5",0.573476702508961
"0.5",0.48533724340176
"0.5",0.527044639947866
"0.5",0.513685239491691
"0.5",0.549527533398501
"0.5",0.533887259693711
"0.5",0.481101335940046
"0.5",0.555229716520039
"0.5",0.581133919843597
"0.5",0.506842619745846
"0.5",0.581459758879114
"0.5",0.497393287715868
"0.5",0.474095796676442
"0.5",0.597100032583904
"0.5",0.495601173020528
"0.5",0.514988595633757
"0.5",0.774441733908801
"0.5",0.517826984424845
"0.5",0.534528054043911
"0.5",0.516231938449991
"0.5",0.548695815349972
"0.5",0.557421655094764
"0.5",0.543535372490148
"0.5",0.542597110151999
"0.5",0.504597485456934
"0.5",0.494276599737287
"0.5",0.597579283167574
"0.5",0.491837117658097
"0.5",0.53602927378495
"0.5",0.467348470632389
"0.5",0.513792456370801
"0.5",0.518952899230625
"0.5",0.538937887033214
"0.5",0.436761118408707
"0.5",0.540626759241884
"0.5",0.589510227059486
"0.5",0.529086132482642
"0.5",0.569525239256896
"0.5",0.494276599737286
"0.5",0.483674235316194
"0.5",0.465284293488459
"0.5",0.505911052730343
"0.5",0.561456183148808
"0.5",0.507506098705198
"0.5",0.51885907299681
"0.5",0.551510602364421
"0.5",0.513229498967911
"0.5",0.528992306248827
"0.5",0.535560142615875
"0.5",0.512666541565022
"0.5",0.463689247513605
"0.5",0.591949709138675
"0.5",0.504972790392194
"0.5",0.582942390692438
"0.5",0.59373240758116
"0.5",0.543535372490148
"0.5",0.475323700506662
"0.5",0.581534997185213
"0.5",0.474573090636142
"0.5",0.521017076374554
"0.5",0.555732782886095
"0.5",0.486958153499718
"0.5",0.499718521298555
"0.5",0.57449802964909
"0.5",0.541565021580034
"0.5",0.588102833552261
"0.5",0.500844436104335
"0.5",0.595327453556014
"0.5",0.600675548883468
"0.5",0.510508538187277
"0.5",0.608275473822481
"0.5",0.550197035091011
"0.5",0.523550384687559
"0.5",0.510227059485832
"0.5",0.516044285982361
"0.5",0.531150309626572
"0.5",0.502345655845374
"0.5",0.512478889097392
"0.5",0.543910677425408
"0.5",0.505817226496528
"0.5",0.510790016888722
"0.5",0.499343216363295
"0.5",0.508632013510978
"0.5",0.524019515856634
"0.5",0.541283542878589
"0.5",0.542690936385813
"0.5",0.553293300806906
"0.5",0.598986676674798
"0.5",0.540063801838994
"0.5",0.503565396884969
"0.5",0.492587727528617
"0.5",0.560893225745918
"0.5",0.566241321073372
"0.5",0.553011822105461
"0.5",0.535747795083505
"0.5",0.57524863951961
"0.5",0.525520735597673
"0.5",0.542503283918183
"0.5",0.561174704447364
"0.5",0.589791705760931
"0.5",0.528147870144492
"0.5",0.520172640270219
"0.5",0.509101144680053
"0.5",0.573090636141865
"0.5",0.529930568586977
"0.5",0.504034528054044
"0.5",0.507693751172828
"0.5",0.520172640270219
"0.5",0.509757928316757
"0.5",0.528147870144492
"0.5",0.525896040532933
"0.5",0.556108087821355
"0.5",0.51829611559392
"0.5",0.49962469506474
"0.5",0.506380183899418
"0.5",0.498780258960405
"0.5",0.474948395571402
